district_name,state_ut,households_surveyed,women_15_49_interviewed,men_15_54_interviewed,female_population_age_6_years_and_above_ever_schooled_pct,population_below_age_15_years_pct,sex_ratio_total_f_per_1000_m,sex_ratio_at_birth_5y_f_per_1000_m,child_u5_whose_birth_was_civil_reg_pct,deaths_in_the_last_3_years_civil_reg_pct,hh_electricity_pct,hh_improved_water_pct,hh_use_improved_sanitation_pct,households_using_clean_fuel_for_cooking_pct,households_using_iodized_salt_pct,hh_member_covered_health_insurance_pct,child_5y_who_attended_pre_primary_school_during_the_school_pct,women_age_15_49_who_are_literate_pct,women_age_15_49_with_10_or_more_years_of_schooling_pct,w20_24_married_before_age_18_years_pct,births_in_the_5_years_preceding_the_survey_that_are_birth_3_pct,w15_19_who_were_already_mothers_or_pregnant_at_the_time_of_pct,w15_24_who_use_menstrual_hygiene_pct,fp_cm_w15_49_any_method_pct,fp_cm_w15_49_modern_method_pct,fp_cm_w15_49_f_steril_pct,fp_cm_w15_49_m_steril_pct,fp_cm_w15_49_iud_pct,fp_cm_w15_49_pill_pct,fp_cm_w15_49_condom_pct,fp_cm_w15_49_injectables_pct,fp_unmet_total_cm_w15_49_7_pct,fp_unmet_spacing_cm_w15_49_7_pct,health_worker_ever_talked_to_female_non_users_about_family_pct,current_users_ever_told_about_side_effects_of_current_metho_pct,mothers_who_had_an_anc_visit_in_the_first_trimester_lb5y_pct,mothers_who_had_at_least_4_anc_visits_lb5y_pct,mothers_whose_last_birth_was_protected_against_neo_tetanus_pct,mothers_who_consumed_ifa_for_100_days_or_more_when_they_wer_pct,mothers_who_consumed_ifa_for_180_days_or_more_when_they_wer_pct,registered_pregnancies_for_which_the_mother_received_a_mcp_pct,mothers_who_received_pnc_from_a_doctor_nurse_lhv_anm_midwif_pct,average_out_of_pocket_expenditure_per_delivery_in_a_public_fac,children_born_at_home_who_were_taken_to_a_health_facility_f_pct,children_who_received_pnc_from_a_doctor_nurse_lhv_anm_midwi_pct,institutional_birth_5y_pct,institutional_birth_in_public_facility_5y_pct,home_birth_that_were_conducted_by_skilled_hp_5y_10_pct,births_attended_by_skilled_hp_5y_10_pct,births_delivered_by_csection_5y_pct,births_in_a_private_fac_that_were_delivered_by_csection_5y_pct,births_in_a_public_fac_that_were_delivered_by_csection_5y_pct,child_12_23m_fully_vaccinated_based_on_information_from_eit_pct,child_12_23m_fully_vaccinated_based_on_information_from_vax_pct,child_12_23m_who_have_received_bcg_pct,child_12_23m_who_have_received_3_doses_of_polio_vaccine_pct,child_12_23m_who_have_received_3_doses_of_penta_or_dpt_vacc_pct,child_12_23m_who_have_received_the_first_dose_of_mcv_mcv_pct,child_24_35m_who_have_received_a_second_dose_of_mcv_mcv_pct,child_12_23m_who_have_received_3_doses_of_rotavirus_vaccine_pct,child_12_23m_who_have_received_3_doses_of_penta_or_hepatiti_pct,child_9_35m_who_received_a_vit_a_in_the_last_6_months_pct,child_12_23m_who_received_most_of_their_vaccinations_in_a_p_pct,child_12_23m_who_received_most_of_their_vaccinations_in_a_2_pct,prev_diarrhoea_2wk_child_u5_pct,children_with_diarrhoea_2wk_who_received_oral_rehydration_s_pct,children_with_diarrhoea_2wk_who_received_zinc_child_u5_pct,children_with_diarrhoea_2wk_taken_to_a_health_facility_or_h_pct,children_prev_symptoms_of_acute_respiratory_infection_ari_2_pct,children_with_fever_or_symptoms_of_ari_2wk_taken_to_a_healt_pct,children_under_age_3_years_breastfed_within_one_hour_of_bir_pct,child_u6m_exclusively_breastfed_pct,child_6_8m_receiving_solid_or_semi_solid_food_and_breastmil_pct,breastfeeding_child_6_23m_receiving_an_adequate_diet16_17_pct,non_breastfeeding_child_6_23m_receiving_an_adequate_diet16_pct,total_child_6_23m_receiving_an_adequate_diet16_17_pct,child_u5_who_are_stunted_height_for_age_18_pct,child_u5_who_are_wasted_weight_for_height_18_pct,child_u5_who_are_severe_wasted_weight_for_height_19_pct,child_u5_who_are_underweight_weight_for_age_18_pct,child_u5_who_are_overweight_weight_for_height_20_pct,women_age_15_49_years_whose_bmi_bmi_is_underweight_bmi_lt_1_pct,women_age_15_49_years_who_are_overweight_obese_bmi_gte_25_0_pct,women_age_15_49_years_who_have_high_risk_whr_gte_0_85_pct,child_6_59m_who_are_anaemic_lt_11_0_g_dl_22_pct,non_pregnant_w15_49_who_are_anaemic_lt_12_0_g_dl_22_pct,pregnant_w15_49_who_are_anaemic_lt_11_0_g_dl_22_pct,all_w15_49_who_are_anaemic_pct,all_w15_19_who_are_anaemic_pct,women_age_15_years_and_above_with_high_141_160_mg_dl_blood_pct,w15_plus_with_very_high_gt_160_mg_dl_blood_sugar_pct,w15_plus_with_high_or_very_high_gt_140_mg_dl_blood_sugar_or_pct,m15_plus_with_high_141_160_mg_dl_blood_sugar_pct,men_age_15_years_and_above_with_very_high_gt_160_mg_dl_bloo_pct,m15_plus_with_high_or_very_high_gt_140_mg_dl_blood_sugar_or_pct,w15_plus_with_mildly_high_bp_sys_140_159_mmhg_and_or_dia_90_pct,w15_plus_with_moderately_or_severely_high_bp_sys_gte_160_mm_pct,w15_plus_with_high_bp_sys_gte_140_mmhg_and_or_dia_gte_90_mm_pct,m15_plus_with_mildly_high_bp_sys_140_159_mmhg_and_or_dia_90_pct,m15_plus_with_moderately_or_severely_high_bp_sys_gte_160_mm_pct,m15_plus_with_high_bp_sys_gte_140_mmhg_and_or_dia_gte_90_mm_pct,women_age_30_49_years_ever_undergone_a_cervical_screen_pct,women_age_30_49_years_ever_undergone_a_breast_exam_pct,women_age_30_49_years_ever_undergone_an_oral_cancer_exam_pct,w15_plus_who_use_any_kind_of_tobacco_pct,m15_plus_who_use_any_kind_of_tobacco_pct,w15_plus_who_consume_alcohol_pct,m15_plus_who_consume_alcohol_pct
Nicobars,Andaman & Nicobar Islands,882,764,125,78,23,973,927 ,98,83.2 ,97.9,98.8,83.5,56.9,99.4,2.7,(29.5),87.5,53.5,11.4 ,0.0 ,1.8 ,100,65.3,57.2,46.4,0,2.7,2,4.9,1.2,9.5,3.3,40.4,49.4 ,62.8 ,71.7 ,78.0 ,72.6 ,43.9 ,97.9 ,85.1 ,2278 ,*,92.5 ,97.8,96.7,0.8,98.6,11.5,*,10.7 ,(64.2),(94.1),(80.4),(69.1),(71.9),(67.3),(20.7),(3.1),(68.6),94.9 ,(100.0),(0.0),5.7,*,*,*,1.8,(85.7),55.4 ,*,*,(19.4),*,(18.7),21.6 ,15.7 ,7.8 ,24.6 ,1.5 ,8.2,39.1,62.5,37.7 ,38.4,*,38.3,48.0 ,7.4,3.9,13.1,9.6,4.4,15.4,23.2,8.5,35.4,32.9,11.1,47,13.4,13.2,5.4,63.5,76.8,29.6,64.5
North & Middle Andaman ,Andaman & Nicobar Islands,874,789,108,82.7,19.8,950,844 ,100,(92.6),93.2,92.2,86.4,61.3,99.9,2.1,(30.1),84,41,15.4 ,1.5 ,3.8 ,100,84.1,73.1,48.3,0.6,6.4,7.8,9.3,0,5.8,1.3,23.2,83.2 ,74.5 ,79.2 ,91.1 ,83.7 ,24.1 ,99.2 ,92.5 ,1904 ,*,94.3 ,97.7,95,0.7,98.3,12.9,*,11.4 ,*,*,*,*,*,*,*,*,*,(89.6),*,*,4.5,*,*,*,7,*,27.3 ,*,*,(6.5),*,(5.9),27.0 ,27.0 ,8.3 ,42.8 ,0.8 ,8.6,35.9,79.3,30.4 ,62.5,*,62.1,47.8 ,7.2,6.4,16.7,9.1,6.9,18.3,18.4,4,27.4,22.6,6,32.2,1.7,0.3,15.8,46.8,70.5,5.1,45.3
South Andaman ,Andaman & Nicobar Islands,868,844,134,84.7,21,967,935 ,96.5,92.2 ,99.6,97.9,89.3,91.9,99.7,1.2,(50.8),86.7,57.5,17.1 ,0.5 ,2.8 ,98.2,57.1,50.5,34,0,2.8,1.8,10.6,0.3,17.6,8.6,31.2,88.2 ,79.4 ,85.9 ,92.1 ,81.0 ,61.9 ,98.9 ,88.1 ,3460 ,*,89.8 ,99.5,83.8,0,96.9,37.1,(79.1),29.6 ,(76.3),(96.6),(100.0),(79.0),(94.8),(81.7),(33.7),(0.0),(85.3),84.0 ,(93.1),(4.3),6,*,*,*,0,(77.3),51.1 ,*,*,(22.3),*,23.5 ,21.1 ,12.6 ,3.5 ,17.4 ,7.2 ,10,39,78.2,43.4 ,57.6,*,57.7,43.2 ,7.5,9.5,18.4,9.3,7.8,18.1,12.7,4.9,23,17.9,6.1,26.9,1.3,0.7,8,19.6,50.8,1.7,32.8
Srikakulam ,Andhra Pradesh,874,780,100,60,20.7,1140,1163 ,95,71.0 ,99.9,87.7,71.6,74.7,76.5,75.6,(0.0),64.3,42.5,25.4 ,0.0 ,5.5 ,78,72.3,72.2,71,0.3,0.6,0,0.3,0,5.7,3.6,16,45.8 ,79.7 ,78.4 ,94.4 ,67.5 ,35.3 ,100.0 ,90.8 ,3479 ,*,97.7 ,97.9,52.2,0.5,96.4,57,73.8 ,44.5 ,(82.8),(100.0),(93.3),(82.8),(89.7),(93.3),(34.9),(74.8),(89.7),69.6 ,(97.0),(3.0),11.9,*,*,*,1.3,(79.7),42.8 ,*,*,(14.0),*,16.1 ,19.7 ,19.5 ,7.4 ,21.4 ,4.5 ,13.8,27.2,54,59.6 ,62.8,*,62.6,59.2 ,8.2,7.8,17.4,6.8,8.6,17.6,12.8,5.9,22.1,14.4,5.5,22.9,1,0.2,3.8,7.1,21.3,0.6,28.3
Vizianagaram ,Andhra Pradesh,902,853,134,56,20.6,1114,898 ,95.4,81.7 ,99.5,93.1,61.7,60.3,85,76.7,(25.2),58.3,37.6,33.7 ,2.2 ,12.7 ,72.5,71.2,71.2,69.3,1.3,0,0,0.6,0,6.7,4.7,21.1,36.4 ,76.1 ,71.4 ,91.3 ,59.6 ,32.4 ,98.8 ,83.9 ,1931 ,*,89.2 ,99,70.6,0.5,97.6,41.3,70.3 ,30.3 ,(76.8),*,(100.0),(76.8),(90.3),(92.5),(35.0),(77.3),(83.6),85.9 ,(100.0),(0.0),7.5,*,*,*,1.4,(83.5),55.6 ,*,*,(2.5),*,1.8 ,36.4 ,19.2 ,8.3 ,32.2 ,4.7 ,16.9,28.8,58,66.7 ,64.6,*,64,73.9 ,6.2,7,14.3,5.8,7.5,14.5,12.9,6.6,25.2,14.8,6.4,25.1,4.9,0.6,7.3,11.4,21.5,0.8,32.3
Visakhapatnam ,Andhra Pradesh,869,818,112,66.8,21.4,1066,974 ,90.5,71.3 ,99.6,91.8,77.8,72.9,82.2,64.9,(5.0),69.5,46,25.4 ,0.0 ,9.5 ,85.7,68,67.7,64.9,1.5,0.3,0,0.8,0,4.8,2.4,15.2,35.3 ,79.4 ,58.6 ,88.0 ,75.0 ,40.1 ,97.0 ,84.8 ,2200 ,*,90.9 ,95.3,69.3,0,94.4,26.5,57.2 ,16.8 ,(76.5),(93.5),(97.9),(76.5),(90.5),(95.1),(45.1),(72.9),(79.6),91.3 ,(83.8),(9.7),8.1,*,*,*,2,(72.3),64.3 ,*,*,(6.9),*,11.8 ,31.0 ,21.5 ,11.2 ,33.5 ,4.8 ,17.4,23.8,58,72.6 ,58.6,*,58,58.9 ,6.1,8.6,17,7.3,8.5,18.2,12.1,5.9,23.9,17,7,29.2,1.7,0.7,4.1,6.3,22.8,1.3,30.2
East Godavari ,Andhra Pradesh,888,824,105,75.4,20.5,995,882 ,93,68.2 ,98.8,97.9,77.7,80.3,81.2,66.4,(11.2),77.9,43.2,26.0 ,1.3 ,6.2 ,71,66.3,66.3,64.1,0.9,0.1,0.3,1.1,0,8,4.4,12.5,32.4 ,76.3 ,51.0 ,87.0 ,62.7 ,32.3 ,91.4 ,91.9 ,8159 ,*,93.5 ,96.6,46,2.2,89.9,52.2,72.0 ,34.1 ,(59.0),(67.3),(92.7),(66.3),(83.9),(76.7),(32.5),(77.8),(86.7),81.4 ,(85.3),(7.5),13.3,(72.9),(23.0),(69.4),2.2,(63.7),51.3 ,*,*,(3.0),*,10.2 ,23.1 ,14.3 ,3.8 ,22.4 ,3.4 ,10.2,44.4,49.2,66.8 ,63.2,*,63,65.2 ,7.5,12.7,21.7,9.2,15.5,27.6,13,6.6,29,17.3,7.3,32.2,1.9,1,4.8,3.2,25.5,0.7,25.9
West Godavari ,Andhra Pradesh,884,841,122,75.4,21.5,999,833 ,93.5,90.1 ,99.3,99.1,80.8,86.8,83.4,67.6,(2.7),77,46.5,22.1 ,0.5 ,13.4 ,84.4,77.8,77.2,74.5,0.7,0.6,0.4,0.6,0.4,3,1.8,12.5,28.8 ,82.2 ,62.7 ,95.3 ,82.8 ,43.7 ,100.0 ,94.8 ,2318 ,*,96.4 ,98.7,48.8,0.7,98.5,55.7,72.0 ,40.4 ,(80.0),(87.0),(94.8),(80.0),(89.0),(91.7),(26.3),(77.7),(89.0),73.9 ,(100.0),(0.0),2.7,*,*,*,1,(71.9),32.8 ,*,*,(4.9),*,3.5 ,31.4 ,11.7 ,4.7 ,22.5 ,5.2 ,10.1,45.3,51.6,62.3 ,63.1,*,63,66.8 ,7.3,13.1,23.8,7.2,10.4,18.9,14.7,6.1,28.8,17.7,8.7,31.4,7.1,1.8,13.1,2.2,21.8,0.2,23.6
Krishna ,Andhra Pradesh,865,820,119,74,20.4,1064,1139 ,96.4,86.3 ,99.6,94.4,79.1,89.8,87.5,68.1,(15.1),76.9,46.2,25.3 ,0.0 ,9.6 ,92.6,79.1,78.1,76.5,1,0,0,0.4,0,2.5,1.4,16.1,27.7 ,81.5 ,73.3 ,95.8 ,56.2 ,39.2 ,96.4 ,88.3 ,3715 ,*,90.3 ,98.9,40.1,0.5,98,66.1,79.7 ,47.9 ,(90.0),(97.2),(93.9),(90.0),(93.9),(90.0),(33.8),(62.1),(93.9),81.0 ,(100.0),(0.0),7.8,*,*,*,2.4,(45.8),29.3 ,*,*,(26.1),*,(23.4),29.8 ,14.3 ,5.2 ,21.1 ,4.2 ,10.5,40.6,53.5,65.7 ,60.4,*,60.3,59.0 ,7.9,13.4,23.3,8.5,11.9,22.5,13.4,4.3,24,18.6,5.1,28.5,5.4,2.1,12.3,1.4,21.3,0.4,22.8
Guntur ,Andhra Pradesh,851,807,93,64.9,22.4,1055,941 ,92.3,82.5 ,99.2,99.3,83.4,91.7,85.8,71.1,(7.6),68.5,32.6,35.4 ,1.0 ,20.7 ,88,73.3,73.2,72.9,0,0.2,0,0.1,0,3.2,1.7,16.6,28.2 ,89.4 ,62.5 ,90.3 ,75.1 ,42.5 ,96.0 ,94.0 ,3912 ,*,97.2 ,98.6,49.6,0.9,95.5,53.8,72.2 ,37.0 ,(76.2),(100.0),(97.6),(76.2),(97.6),(92.5),(39.6),(87.8),(97.6),80.2 ,(97.4),(2.6),10,*,*,*,1,*,69.3 ,*,*,(8.6),*,11.2 ,23.8 ,17.8 ,8.1 ,26.9 ,3.6 ,9.6,46.4,53.4,59.3 ,59.8,(51.9),59.5,54.6 ,7.8,13,22.7,10.7,13.4,25.9,14.7,5.9,25.8,18,8.5,31.3,6.5,0.2,14.6,1.6,25.4,0.2,24.5
Prakasam ,Andhra Pradesh,821,689,95,58.1,23.1,1011,837 ,87.1,88.9 ,99.3,98.6,78.4,90.8,85.5,67.6,7.6 ,62.8,34.5,37.3 ,3.1 ,16.4 ,86.6,69,68.7,68.7,0,0,0,0,0,4.8,1.6,25.4,18.9 ,84.7 ,73.4 ,92.2 ,69.0 ,51.8 ,92.8 ,90.1 ,*,*,90.3 ,97.4,18.1,0.5,97.9,54.2,61.0 ,(31.8),(51.9),*,(89.3),(55.0),(76.0),(65.3),(28.0),(63.1),(61.9),79.9 ,*,*,7.9,*,*,*,2.9,(64.9),73.8 ,*,*,(12.0),*,(13.4),22.6 ,8.7 ,3.3 ,24.7 ,5.1 ,14.4,39.5,50.5,62.6 ,60.6,*,60.4,64.8 ,7.9,12.6,23.2,11.8,15.3,30.2,14.6,6.4,27.8,19.8,8.3,33,4.1,0.2,10,2.2,28.2,0.3,19
Sri Potti Sriramulu Nello ,Andhra Pradesh,865,922,132,67.9,20.8,1049,1011 ,88.1,84.8 ,99.1,95.6,81.8,84.6,85.6,72.3,9.6 ,70.5,38.7,23.8 ,3.4 ,14.9 ,84,71.9,71.7,71.4,0,0,0,0.3,0,3.1,2.3,19.7,21.7 ,89.0 ,73.0 ,94.2 ,76.1 ,51.8 ,92.8 ,95.5 ,1104 ,*,94.3 ,97,34.9,3,100,42.3,57.5 ,18.8 ,65.3 ,(80.1),89.2 ,69.4 ,81.1 ,81.1 ,18.7 ,70.9 ,77.2 ,77.0 ,(91.3),(8.8),8.9,*,*,*,3.9,(72.3),39.4 ,(54.7),*,7.4 ,*,6.9 ,29.2 ,17.2 ,6.9 ,27.8 ,0.5 ,15.2,39.5,47.6,67.5 ,59.6,*,59.4,68.6 ,8.2,12.3,21.8,7.2,12.7,21.1,12.7,4.5,23,15.3,5.9,25.1,10.2,0.8,6.7,4.4,26.5,0.3,25.9
Y.S.R. ,Andhra Pradesh,910,1017,140,61.9,24.1,1058,779 ,94.3,86.1 ,99.8,99.9,85.4,94.3,80.2,73.3,9.5 ,63.8,40,25.6 ,1.2 ,10.9 ,92.5,69.1,68.4,68.1,0,0.3,0,0,0,5.5,3.1,29.5,14.6 ,84.4 ,82.8 ,93.4 ,71.2 ,39.7 ,97.7 ,92.3 ,3389 ,*,91.3 ,99.4,40.7,0.6,100,36.2,43.5 ,26.2 ,83.0 ,89.7 ,92.0 ,84.9 ,88.9 ,88.7 ,26.4 ,87.5 ,89.0 ,90.1 ,98.3 ,1.7 ,5.9,*,*,*,2.3,60.3 ,48.3 ,(77.4),*,4.9 ,*,5.5 ,34.4 ,14.1 ,4.2 ,26.7 ,0.2 ,15.9,33.9,30.6,60.6 ,56.1,(57.6),56.1,60.2 ,8.4,8.7,18.4,9.9,10.6,22.3,13.6,5.7,23.2,17.8,6.9,27.3,13.4,0.9,3.6,3.1,18,0.2,16
Kurnool ,Andhra Pradesh,870,908,139,55.2,25.9,1045,918 ,86.1,77.9 ,99.9,97.9,73.5,78.1,70.4,73.3,5.5 ,57,33.4,36.9 ,3.0 ,12.4 ,78.9,70,70,69.5,0,0,0.2,0.4,0,2.1,0.9,20.7,22.2 ,78.6 ,74.3 ,91.3 ,69.8 ,43.3 ,95.6 ,87.8 ,2094 ,*,87.3 ,88.5,51.1,2,90.6,32.9,64.5 ,17.2 ,67.0 ,(80.4),95.9 ,69.0 ,86.3 ,84.1 ,22.3 ,69.1 ,76.6 ,79.1 ,100.0 ,0.0 ,4.5,*,*,*,4.2,73.1 ,67.2 ,(78.1),*,9.6 ,*,9.6 ,50.5 ,16.7 ,6.0 ,46.3 ,1.1 ,20.6,29,42.1,70.8 ,58.3,(67.8),58.6,61.1 ,6.9,6.9,15.1,9.2,10.2,20.6,18.3,5.1,27,22.2,7.4,31.8,2.3,0.2,2.9,2.1,19.9,0.4,20
Anantapur ,Andhra Pradesh,882,868,146,59.5,24.3,1047,881 ,94.3,87.2 ,99.6,98.8,71.3,86.4,88.6,73.2,17.0 ,63.6,31.3,37.3 ,2.0 ,13.6 ,95,67.6,67.6,67.2,0,0,0,0.1,0,6.4,3.7,21.9,36.4 ,80.3 ,66.6 ,97.5 ,72.0 ,38.5 ,100.0 ,89.1 ,2682 ,*,87.3 ,94.7,60.3,2.8,98.3,22.2,37.0 ,15.7 ,(81.8),(96.6),(95.7),(81.8),(90.2),(92.9),(17.8),(75.0),(87.7),75.7 ,(91.8),(8.2),2.5,*,*,*,2.6,(84.1),54.7 ,(71.6),*,3.9 ,*,2.9 ,36.0 ,19.3 ,4.0 ,40.6 ,0.3 ,21.9,29.3,46.3,55.8 ,50.3,(54.9),50.5,50.0 ,5.4,7.8,14.2,7.5,8.3,16.8,12.4,8.5,23.4,16.2,7.7,26.7,1,0.4,4,5,20.5,0.6,16.8
Chittoor ,Andhra Pradesh,865,828,121,65.6,22.6,1024,1019 ,94.7,74.3 ,99.7,98.5,74.6,86.6,85.5,70.7,14.2 ,69.3,40.3,28.1 ,3.2 ,19.7 ,94.7,69,68.9,67.9,0,0,0,0.8,0,6,3.9,21.3,29.1 ,80.3 ,65.3 ,97.8 ,71.7 ,43.7 ,98.2 ,93.8 ,2533 ,*,95.2 ,97.1,66.5,1.3,97.6,26.4,54.7 ,14.6 ,(66.6),(87.5),(97.2),(69.1),(88.4),(89.6),(26.8),(75.0),(86.2),76.9 ,(100.0),(0.0),4.8,*,*,*,3.1,84.4 ,38.7 ,(65.5),*,(6.2),*,6.0 ,27.1 ,14.8 ,6.3 ,27.9 ,0.5 ,20.1,33.4,41.7,54.9 ,51.8,(52.7),51.8,43.9 ,6.9,8.4,17.2,7.2,12.3,22.4,10.7,5.4,22.7,16.8,5.9,27.1,2.2,0.3,4,4.3,18.7,0.4,18.3
Tawang ,Arunachal Pradesh,905,924,137,59.3,27.3,1063,834 ,95.3,51.2 ,99.7,99.8,81.7,88.1,99.9,33.5,3.3 ,59.1,39.2,11.9 ,0.8 ,1.4 ,88.4,62.1,56.3,9.1,0,10.4,29.5,1.7,1.3,14.6,11.7,24.8,67.7 ,79.9 ,37.6 ,85.3 ,28.2 ,14.6 ,99.6 ,49.6 ,5345 ,(0.0),48.8 ,84.2,83.8,5.7,89.9,17.3,*,20.2 ,67.5 ,76.8 ,93.1 ,69.3 ,81.9 ,90.8 ,19.2 ,28.7 ,77.6 ,84.4 ,100.0 ,0.0 ,14.8,(73.3),(59.1),(51.5),6.2,(57.5),60.6 ,*,*,20.4 ,*,18.8 ,30.4 ,7.1 ,1.9 ,9.0 ,21.1 ,1.2,35.4,68.3,89.6 ,59.2,(57.4),59.1,76.3 ,3.1,0.7,4.5,5.5,1.6,8.5,17.4,11.7,30.3,25.7,9.2,36.4,1,0.8,0.7,5.1,24,23.4,43.2
West Kameng ,Arunachal Pradesh,959,1122,167,73,21.7,971,766 ,97.3,48.5 ,97.5,99.8,88.9,88.9,98.9,38.3,3.9 ,73.7,43.6,12.5 ,0.5 ,1.4 ,90.3,53.8,47.8,17.1,0,7.3,17.2,3.4,1.3,17,13.5,24.3,68.1 ,45.1 ,27.6 ,64.4 ,18.5 ,1.5 ,90.1 ,38.9 ,7645 ,*,33.8 ,93.6,92,4.6,92,10,*,10.3 ,(56.2),(61.0),(94.0),(63.0),(65.8),(65.8),(17.0),(22.0),(57.4),79.9 ,(100.0),(0.0),10,*,*,*,2.5,(45.8),42.6 ,*,*,(24.2),*,19.7 ,24.2 ,23.2 ,11.9 ,13.4 ,15.5 ,1.9,25.7,76.8,66.6 ,38.4,18.2 ,37.4,50.9 ,3.6,0.7,4.7,8,1.6,10,12.4,4.3,19.8,21.9,7,30.7,0,0.5,0.2,13.9,38.7,19.5,45.9
East Kameng ,Arunachal Pradesh,940,1002,130,63.1,31.2,985,995 ,81.3,22.2 ,86.3,93.6,75.6,49.5,98.9,25.1,5.6 ,62.2,31.8,26.5 ,3.6 ,8.1 ,85.4,64.9,57.4,23.6,0,10.6,14.6,6.2,0.8,9.7,4.7,13.7,77.5 ,41.7 ,29.1 ,73.1 ,11.2 ,1.2 ,93.0 ,53.6 ,8612 ,0.8 ,54.6 ,76,74.2,4.4,80.3,9,*,11.0 ,60.8 ,78.3 ,82.9 ,71.9 ,70.7 ,77.8 ,36.3 ,20.5 ,64.4 ,67.9 ,98.0 ,0.0 ,7.3,(74.4),(24.0),(49.5),2.4,(29.5),52.2 ,*,*,28.2 ,*,26.4 ,35.7 ,15.8 ,8.5 ,14.2 ,10.2 ,4.8,19.6,68.7,51.7 ,26.9,(13.1),26.2,39.5 ,4.3,4,8.9,6.7,6.3,13.9,14.1,4.4,19.5,22.2,6,29,0.6,0.2,0.7,24.9,48.2,27.4,49.8
Papum Pare ,Arunachal Pradesh,950,1017,142,77.6,30.5,1039,1065 ,75.4,21.6 ,98.7,92.9,75.7,81.3,100,26.9,12.9 ,78.2,50.5,25.4 ,1.6 ,6.0 ,95.4,47.7,41,15.7,0,5.6,10.6,4.8,0.9,20.3,8.8,20.7,73.1 ,38.4 ,39.3 ,74.0 ,24.8 ,13.3 ,91.4 ,53.2 ,17185 ,*,58.1 ,88,77.3,1.1,86.5,16.5,28.8 ,17.4 ,60.7 ,(74.3),88.1 ,63.9 ,76.3 ,77.3 ,37.4 ,11.5 ,64.3 ,75.5 ,(94.6),(2.9),4.6,*,*,*,1.9,44.0 ,52.9 ,(75.8),*,24.4 ,*,24.9 ,29.7 ,9.0 ,5.0 ,15.6 ,9.1 ,5.3,31.1,68,53.4 ,39.4,(18.6),38.4,44.4 ,4.8,3,9.5,5.3,6.5,12.8,13.6,3.5,20.6,21.2,9.2,32.7,2.6,1.2,2,16.1,43.7,16.1,42.7
Upper Subansiri ,Arunachal Pradesh,988,1092,147,61.4,27.3,1052,1135 ,78.9,10.5 ,87,94.7,80.9,32.8,99.8,21.5,8.0 ,64.3,31.8,26.7 ,1.3 ,13.2 ,92.7,53.2,48.4,17.5,0,6.8,14.5,3.1,4.4,17.3,8.6,19.8,74.6 ,34.6 ,32.1 ,79.1 ,23.6 ,8.4 ,98.6 ,56.7 ,10087 ,0.0 ,56.7 ,77,76.2,5.2,81.3,17.9,*,23.0 ,68.5 ,76.3 ,89.8 ,74.4 ,75.6 ,84.3 ,29.2 ,33.6 ,72.2 ,58.9 ,100.0 ,0.0 ,5.9,*,*,*,1.3,(55.5),56.6 ,(39.2),*,15.3 ,*,15.4 ,36.8 ,12.2 ,8.1 ,19.2 ,9.0 ,2.8,25,81.6,60.4 ,36.6,(37.9),36.7,39.2 ,3.6,2.2,6.6,5.3,3.3,10.6,17.7,5.9,25.4,25,10.5,37.5,0.5,0.1,0.3,19.8,55.3,42.8,65.6
Upper Siang ,Arunachal Pradesh,935,901,133,69.5,25.8,894,983 ,79.5,18.4 ,99.5,99.8,91.8,36.3,99.1,34.6,(6.7),74.4,34.8,17.1 ,2.0 ,7.1 ,91.5,62,54,30,0,7.4,6.9,7.6,0.6,11.9,6.6,22.1,71.7 ,54.5 ,34.0 ,73.5 ,12.6 ,5.4 ,97.1 ,56.4 ,12365 ,(3.6),52.9 ,76,74.9,3.3,78.8,14.2,*,18.3 ,(61.4),(67.2),(86.7),(64.5),(68.4),(70.0),(24.3),(23.8),(63.4),66.8 ,(97.7),(0.0),6.2,*,*,*,1.5,*,28.2 ,*,*,(21.9),*,25.2 ,30.4 ,12.5 ,5.0 ,12.0 ,13.5 ,2.4,27.3,63.8,51.0 ,29.4,(22.4),29.2,27.2 ,4,2.9,7.5,5.7,4.2,10.3,16,9.3,26.1,20.1,10.7,31.7,0.7,0.4,0.4,21.3,59.2,22,61.2
Changlang ,Arunachal Pradesh,981,1168,189,74.6,28.7,963,1019 ,97.6,56.5 ,95.2,81.8,82.3,34.1,99.2,40.5,1.4 ,77.6,30.5,16.8 ,1.2 ,9.0 ,89.1,71.4,46.3,15.1,0,1.6,27.5,1.8,0,6.7,3.5,20.9,88.6 ,65.0 ,46.9 ,88.1 ,37.3 ,14.1 ,99.3 ,69.7 ,6643 ,3.8 ,67.4 ,75.1,69.3,6.3,81.3,12.4,*,14.9 ,70.9 ,(86.1),86.1 ,70.9 ,84.4 ,84.4 ,19.2 ,44.5 ,84.4 ,77.9 ,(90.8),(0.0),1.3,*,*,*,0.8,*,60.7 ,(71.2),*,31.3 ,*,28.9 ,26.3 ,16.3 ,8.3 ,25.0 ,3.9 ,10.5,17.1,66.2,65.3 ,57.1,(60.6),57.2,67.1 ,5.6,3.1,9.1,8.2,4.3,13.2,13.8,6.7,22.8,19.2,7,27.5,0.2,0,0,21.9,59.9,30,60.9
Lower Subansiri ,Arunachal Pradesh,986,1094,167,73.1,22,1016,1370 ,90,30.3 ,97.8,98.1,82.8,60.8,99.5,24.5,(18.2),76.8,49.9,16.0 ,1.5 ,2.0 ,92.4,65.9,58,25,0.1,8.9,11.8,9.8,1.4,8.5,2.3,12.4,66.4 ,53.4 ,39.1 ,82.3 ,15.2 ,5.3 ,92.3 ,67.7 ,10266 ,*,65.5 ,89.8,86.8,2.8,92.6,19.6,*,20.4 ,(66.5),(88.7),(85.0),(75.8),(69.6),(76.5),(36.8),(24.1),(65.9),70.1 ,(100.0),(0.0),6.4,*,*,*,4.2,(40.9),52.5 ,*,*,(38.0),*,(29.8),30.7 ,11.5 ,5.9 ,8.1 ,14.4 ,4.3,23.2,68.8,52.4 ,41.1,(22.1),40.5,59.4 ,4.9,3.6,9.1,8.3,5,14.2,17.1,7.6,25.7,25.2,10.4,36.6,3.6,0.7,0.8,18,46.7,16.8,48.1
Dibang Valley ,Arunachal Pradesh,925,868,134,67.6,22.1,983,1054 ,96.5,28.9 ,79.2,100,95,49.3,99.6,28.7,3.2 ,77.8,43.2,20.7 ,1.3 ,0.7 ,88.6,69.1,49.7,23.9,0,9.5,8.2,5.6,1.2,4.6,3.4,24.1,88.5 ,60.7 ,40.4 ,85.2 ,25.4 ,8.1 ,95.8 ,66.2 ,7050 ,(4.7),58.3 ,85.5,78.8,3.5,88.1,10.3,*,6.9 ,(90.7),(91.2),(97.3),(90.7),(90.7),(90.7),(31.3),(57.9),(84.0),58.0 ,(96.6),(3.4),3.9,*,*,*,0.7,*,66.5 ,*,*,(10.1),*,(11.0),16.9 ,18.1 ,7.8 ,16.0 ,4.6 ,3.8,21.7,82.1,88.6 ,64.3,(39.0),62.9,67.7 ,3.5,5.2,9.4,5.5,6.2,12.2,20.6,10.6,32.2,28.8,15.5,45.4,0.3,0.4,0.8,20.3,55.4,27.9,64.3
Lower Dibang Valley ,Arunachal Pradesh,968,1090,173,76.8,24.5,1010,884 ,92.6,53.6 ,84.4,99.5,89.9,57.4,98.7,36.8,2.0 ,81.6,51.9,13.8 ,0.0 ,1.6 ,96,75.3,56.4,28.4,0,12.2,3.9,8.3,0.4,4.9,4.6,21.4,94.8 ,56.3 ,48.6 ,87.5 ,25.8 ,3.3 ,97.2 ,58.6 ,6112 ,*,58.4 ,90.1,86.8,3.6,93.7,11,*,10.7 ,73.8 ,81.0 ,89.2 ,77.8 ,77.0 ,84.4 ,31.4 ,41.7 ,79.2 ,67.1 ,100.0 ,0.0 ,2.8,*,*,*,1,*,59.8 ,(60.1),*,29.5 ,*,23.9 ,14.3 ,7.6 ,2.9 ,9.7 ,5.0 ,4.1,16.8,75.1,51.5 ,35.3,(19.6),34.6,39.4 ,4.6,4.1,8.9,7.1,5.9,13.2,16.7,8.1,25.6,24.8,12.6,38.1,0,0.2,0.2,20.6,52.1,20.3,48.7
Anjaw ,Arunachal Pradesh,932,828,125,61.5,23.2,939,957 ,94.4,(34.6),96.4,86.6,86.8,29,99.6,17.5,2.5 ,67.9,28.8,21.8 ,1.5 ,5.1 ,89,64.7,50.9,21.2,0,8.6,15.9,2.9,1.1,6.8,4.7,29.6,79.0 ,52.0 ,32.3 ,80.2 ,16.5 ,1.2 ,97.9 ,55.8 ,6515 ,(2.3),57.3 ,78,76.9,2,79,12.6,*,16.0 ,(93.0),(90.5),(97.7),(97.6),(95.3),(97.6),(39.5),(35.7),(85.6),58.6 ,(100.0),(0.0),9.3,*,*,*,7.1,*,66.5 ,*,*,28.7 ,*,25.4 ,23.6 ,14.3 ,7.5 ,16.0 ,2.9 ,2.4,22.8,66.9,57.1 ,36.9,19.7 ,35.9,42.2 ,4,8.7,13,7.4,10.7,18.3,21.8,7.6,31.1,30.2,11.8,42.6,0.9,0.6,0.2,22.1,66.1,31.6,68.4
East Siang ,Arunachal Pradesh,976,1157,161,76.8,23.1,1059,1162 ,83.9,26.1 ,97.3,97.3,83.9,52.4,99.4,30.5,(18.0),83.8,55.6,14.9 ,2.2 ,4.6 ,87.8,40,35.9,14.4,0,5.2,7.1,6.7,0.9,17.6,9.6,15.4,61.7 ,39.9 ,34.3 ,75.2 ,11.4 ,6.6 ,94.4 ,55.7 ,12217 ,*,58.8 ,90.8,85.4,1.7,89.2,18.6,*,17.3 ,(48.8),(65.6),(84.8),(59.0),(71.2),(81.9),(24.1),(24.4),(67.3),67.3 ,(100.0),(0.0),8.5,*,*,*,2,(58.0),49.4 ,*,*,21.8 ,*,24.0 ,24.6 ,8.6 ,4.2 ,10.3 ,9.0 ,6.8,27.9,67.9,51.5 ,35.3,(32.8),35.2,40.4 ,5.6,3.4,9.5,7.8,4.4,12.7,18,8.5,29.7,26.3,10,38.1,1.1,0.2,0.8,24.7,51.3,18.8,50.7
Kra Daadi ,Arunachal Pradesh,516,524,75,58.1,33.5,976,867 ,92.7,(30.7),99.7,99.8,89.3,78.3,99.2,24,0.0 ,55.3,27.4,24.8 ,0.4 ,12.9 ,89.6,46.1,39.9,16.7,0,5.7,13.4,1.4,0.6,16.5,13.1,19.5,48.1 ,62.5 ,18.3 ,55.1 ,12.7 ,9.0 ,97.7 ,34.9 ,20101 ,(5.2),37.3 ,73.5,69.4,7.7,81,18.9,*,25.3 ,(63.6),(70.3),(92.2),(63.6),(71.3),(77.1),(22.5),(45.1),(71.3),88.1 ,(100.0),(0.0),6,*,*,*,1.8,*,35.9 ,*,*,(19.1),*,14.6 ,28.8 ,9.4 ,5.7 ,14.5 ,20.2 ,2,29.8,80.9,62.0 ,24.3,(2.0),22.6,37.2 ,2.7,0.9,4.1,5.2,0.5,5.7,13.7,4.6,19.4,17.7,7.5,26.1,0,0.3,0.6,9.9,25,11.5,34.8
Kurung Kumey ,Arunachal Pradesh,542,650,63,72.6,31,997,869 ,93.4,(8.3),99.2,99.8,78.3,57.3,99.7,13.4,(5.0),76.5,34.7,19.8 ,0.0 ,7.7 ,96.1,54.1,47.9,16.9,0,5.6,17,4.1,3.5,16.4,7.4,22.7,82.6 ,45.2 ,44.1 ,77.0 ,23.8 ,8.6 ,97.0 ,62.3 ,9838 ,0.0 ,61.1 ,69.2,64.2,1.6,69.7,17.1,*,25.9 ,(71.4),(76.7),(100.0),(71.4),(86.6),(89.5),(45.4),(9.9),(76.3),47.9 ,(100.0),(0.0),4.7,*,*,*,5.6,*,39.0 ,*,*,(18.6),*,(18.7),29.2 ,15.1 ,5.3 ,13.9 ,5.8 ,2.7,23.3,78.8,62.4 ,35.5,*,34.8,42.2 ,4.1,1.9,6.9,7,2.4,10.3,14,3.3,19.2,20.1,4.6,26,0.7,0,1.4,16.4,39.4,27.5,50.2
Lohit ,Arunachal Pradesh,964,1129,193,73.3,27.7,1001,839 ,93,50.8 ,98.9,96.9,83.7,63.9,97.9,31.9,5.0 ,73.4,37.3,20.0 ,0.6 ,5.4 ,91.4,57,43.5,14.9,0,3.7,20.8,3.3,0.3,14.6,7.3,24.7,65.2 ,66.9 ,39.6 ,74.6 ,34.1 ,17.6 ,96.9 ,66.2 ,8236 ,(2.8),66.2 ,90.2,84.6,2.6,92.3,19.7,*,18.5 ,(74.0),(77.0),(95.9),(80.4),(86.8),(87.6),(23.6),(51.2),(83.4),73.0 ,(98.2),(0.0),7.5,*,*,*,1.7,*,52.3 ,*,*,23.8 ,*,20.8 ,24.5 ,12.7 ,4.9 ,12.9 ,7.6 ,8,30.9,66.6,52.5 ,47.6,(33.2),47.2,51.5 ,4,4.8,9.5,3.2,4.6,9.1,14.8,4.9,22.1,17.4,7,26.6,1.1,1.3,1.1,17.8,53,20.9,50
Longding ,Arunachal Pradesh,946,935,149,63.2,29.9,926,961 ,88.7,(57.2),97.4,62.5,83.5,22.4,99.3,23.8,0.0 ,71.9,27.7,7.9 ,0.9 ,2.2 ,92,68.6,49,21.3,0,7.1,16,3.9,0.8,7.3,4.5,17.3,86.5 ,65.8 ,39.6 ,78.4 ,33.4 ,7.1 ,97.0 ,57.1 ,3778 ,0.0 ,55.5 ,64.5,62.8,0.9,65,4.2,*,5.1 ,52.7 ,(75.2),74.5 ,52.7 ,59.7 ,61.5 ,14.9 ,34.1 ,59.7 ,54.2 ,(85.8),(0.0),0.5,*,*,*,0.8,*,58.0 ,(66.1),*,22.6 ,*,20.0 ,15.8 ,20.6 ,14.2 ,13.8 ,4.2 ,4,13.7,62,38.4 ,35,19.1 ,34.1,37.7 ,5.3,4.9,10.5,7.3,6.7,14.5,15.7,4.1,20.5,22.3,8.3,31.1,0,0,0,16,56.1,21.8,55.2
Namsai ,Arunachal Pradesh,989,1156,171,72.1,30.3,982,867 ,89.8,57.5 ,96.5,93.5,75.1,28.7,99.1,30.9,1.6 ,67.1,22.2,26.7 ,0.2 ,11.3 ,93,69.5,48.1,16.7,0,2.2,24.6,4.4,0,8.7,5.2,14.6,74.5 ,61.6 ,35.4 ,76.7 ,33.6 ,8.9 ,94.6 ,51.2 ,4184 ,5.3 ,52.0 ,63.6,60.3,6.4,68.8,10.5,*,13.5 ,67.2 ,83.4 ,83.5 ,70.9 ,80.7 ,79.3 ,27.2 ,44.0 ,75.1 ,72.4 ,98.7 ,1.3 ,1.7,*,*,*,0.2,(50.1),47.4 ,(62.8),*,24.3 ,*,21.2 ,28.7 ,12.4 ,4.2 ,17.7 ,6.2 ,12.8,18,52.9,59.2 ,58.8,(52.6),58.6,58.5 ,5.6,3,9.2,6.6,3.9,12,17.5,7.7,27.1,19,7.9,28.1,0.6,0,0,25.3,68.8,28.4,61.6
Siang ,Arunachal Pradesh,960,1106,154,78.6,21.8,968,1011 ,79.9,23.2 ,99.6,96.3,91.2,27.6,98.9,26.1,0.0 ,87.4,50.6,10.0 ,1.8 ,0.5 ,98.1,73.7,61,34.2,0,10.8,4.5,8.4,0,5,2.4,19.2,60.3 ,50.8 ,31.1 ,78.7 ,21.5 ,5.7 ,97.1 ,56.0 ,8478 ,(3.3),55.4 ,81.1,79,2.1,82.7,5.8,*,6.3 ,(60.3),*,(80.8),(60.3),(81.1),(77.5),(21.2),(42.7),(74.7),68.1 ,*,*,2.7,*,*,*,0.9,*,51.4 ,*,*,(19.1),*,17.3 ,21.3 ,12.1 ,7.0 ,8.8 ,13.0 ,6.5,15.8,76.4,24.9 ,24.4,(15.4),23.9,23.4 ,5.2,2.5,8,4.3,4.4,9.4,14.9,8.7,24.4,20.5,10.1,31.5,1.2,0.2,0.2,19.6,55.5,27.3,60.6
Tirap ,Arunachal Pradesh,961,934,138,69,26.8,964,865 ,91.1,(64.8),98.8,93.8,86.7,50.4,98.3,30.8,3.7 ,75.1,40.2,12.0 ,0.9 ,4.0 ,88.4,56.1,39.4,17.1,0,2.9,17.6,1,0.3,10.6,8.1,27.1,65.2 ,59.3 ,35.7 ,73.9 ,27.4 ,14.5 ,97.6 ,49.8 ,12104 ,3.6 ,51.6 ,70.2,62.8,4.6,73.9,22.2,*,27.0 ,66.3 ,(71.2),82.8 ,72.1 ,77.4 ,77.9 ,19.4 ,37.5 ,77.4 ,72.8 ,(96.1),(3.9),7.6,*,*,*,3.3,*,72.0 ,(49.3),*,16.7 ,*,16.8 ,38.6 ,13.8 ,7.3 ,16.0 ,11.7 ,5.5,28.3,57.8,48.4 ,32.4,(24.1),32,53.0 ,4.6,3.3,8.4,5.6,4.7,10.9,16.7,7.8,25.2,22.8,8.1,31.6,0.2,0.2,0.2,12.7,44.8,16.4,49
West Siang ,Arunachal Pradesh,945,1068,133,73.6,23.7,1018,1060 ,81.9,17.7 ,88.2,99.1,87.7,57.1,99.5,26.6,14.5 ,77.9,46.3,18.9 ,2.1 ,4.7 ,94.2,46.6,38.9,15.3,0,8.1,6.7,6.8,0.6,15.5,8.2,15.4,51.6 ,49.5 ,30.4 ,72.0 ,9.9 ,3.0 ,92.1 ,61.4 ,14222 ,(0.0),60.6 ,84.6,79.8,3.4,87.6,17.8,*,18.8 ,(55.4),(60.0),(93.7),(57.5),(87.8),(86.6),(24.2),(30.0),(81.0),64.5 ,(100.0),(0.0),3.1,*,*,*,2.2,(19.5),37.6 ,(69.1),*,21.5 ,*,20.7 ,24.5 ,15.1 ,8.1 ,16.2 ,14.9 ,4.4,27.4,72.7,45.6 ,31.2,(16.8),30.5,36.7 ,4.9,3.6,9.1,7.7,3.3,11.2,23.3,8.5,32.7,29,11.3,41.1,0.4,0.1,0.4,16.9,44.3,26.9,49.8
Kokrajhar ,Assam,897,1052,144,75.2,29.5,1025,1003 ,97.1,69.5 ,93.9,87.3,72.2,43.3,99.6,50.2,3.4 ,73.7,27.5,36.2 ,0.9 ,11.3 ,72.3,72.3,58,6,0.1,4.1,44,3.2,0.5,10,3.7,18.7,51.3 ,67.0 ,36.9 ,95.8 ,61.1 ,26.4 ,98.4 ,68.3 ,3780 ,(1.9),65.5 ,81.9,76.8,0.9,82,12,*,12.2 ,51.1 ,52.6 ,95.3 ,59.9 ,76.2 ,79.5 ,21.8 ,37.8 ,70.4 ,52.6 ,96.4 ,0.0 ,3.4,*,*,*,3.8,(36.6),56.4 ,*,*,10.9 ,*,10.0 ,34.6 ,20.5 ,8.9 ,35.2 ,4.3 ,10.6,13.7,77.3,74.7 ,59.5,(59.5),59.5,63.7 ,5.9,2.9,10.1,8.1,4.1,13.2,11.3,5.3,17.8,13.1,4.8,19.4,0.2,0.6,0.2,25.7,55.5,12.3,31.3
Goalpara ,Assam,917,1158,164,78.5,30,1007,1027 ,98.8,73.3 ,89.6,90.7,75.3,36.3,99.1,71.1,2.2 ,74.1,23.4,41.8 ,0.3 ,13.3 ,64.5,66.8,55.1,6,0.1,3.2,40.1,3.6,1.4,7.4,2.2,19.3,68.1 ,65.3 ,44.1 ,96.6 ,52.2 ,20.4 ,98.6 ,73.5 ,4407 ,*,80.0 ,92.3,87.2,2.7,94.2,16.2,*,13.4 ,70.3 ,72.7 ,98.4 ,71.9 ,90.6 ,90.6 ,16.3 ,52.0 ,87.3 ,57.8 ,100.0 ,0.0 ,7.8,(84.2),(27.8),(51.1),2.1,50.9 ,45.7 ,*,*,8.0 ,*,7.5 ,38.9 ,24.3 ,14.3 ,35.4 ,5.4 ,12.2,15.3,68.3,60.7 ,65.5,(49.2),64.9,66.9 ,6,3,10.2,7.7,3.8,13.2,11.1,3.3,16.8,11.5,3.5,17.9,0.2,0.2,0,15.6,52,5,16.2
Barpeta ,Assam,914,1163,159,75.4,30.1,1027,1007 ,96,74.3 ,88.9,98.1,63.7,38.7,96.3,58.9,2.7 ,74.8,31.7,40.1 ,0.0 ,14.2 ,61.5,57.3,47.4,5.5,0.1,2,35.3,3.6,0.7,12.3,3.9,18.4,55.1 ,62.2 ,43.6 ,94.9 ,49.4 ,21.8 ,99.1 ,70.5 ,4829 ,(0.0),73.9 ,87.6,82.3,0.6,87.6,12.7,*,12.4 ,54.6 ,59.6 ,94.3 ,67.5 ,73.6 ,83.8 ,23.7 ,40.8 ,67.8 ,48.2 ,97.4 ,1.4 ,1.7,*,*,*,1.5,(64.9),46.4 ,(62.9),*,5.9 ,*,5.5 ,29.8 ,19.5 ,7.5 ,26.2 ,6.1 ,14.6,16.6,75,63.5 ,65.6,47.6 ,64.8,70.7 ,8.1,4.3,14,10.2,4.8,17,9.6,3.9,17.9,10,3,16.7,0.7,0.2,0,14.3,46.4,0.7,8
Morigaon ,Assam,915,1071,136,79.1,32.1,1055,1070 ,96.8,74.3 ,89.5,94.6,62.3,37.6,97,62.5,0.0 ,78.7,24.5,39.1 ,1.7 ,11.6 ,69.1,70.6,56.7,6,0.1,3.8,39.6,5.5,1,6.5,1.9,27,66.4 ,64.0 ,42.0 ,94.8 ,53.4 ,18.4 ,98.7 ,67.9 ,4379 ,(4.8),72.6 ,88.3,82.8,1.7,90,12.3,*,10.8 ,73.4 ,82.9 ,91.3 ,77.0 ,87.9 ,87.0 ,9.9 ,60.3 ,83.0 ,60.2 ,98.6 ,0.0 ,5.4,*,*,*,5.9,51.6 ,62.2 ,(65.0),*,8.6 ,*,8.6 ,43.2 ,16.1 ,7.5 ,30.5 ,4.3 ,15,14.2,74.1,53.3 ,64.9,(48.0),64.2,71.8 ,5.5,4.4,10.3,8.1,4.7,14.2,12.7,4.9,20.1,12.4,6.7,20.5,0.2,0.2,0.2,29.9,56.9,1.9,15.6
Lakhimpur ,Assam,916,957,140,83.2,28.1,983,985 ,98.7,67.1 ,97.2,81.2,74.2,36.1,99.9,67,(11.0),83.9,42.1,36.3 ,1.1 ,8.2 ,79.7,67.1,43.6,10.8,0,3,23.5,5.9,0.1,9.8,4.5,30.8,80.3 ,61.0 ,51.7 ,97.3 ,42.2 ,14.9 ,99.6 ,67.7 ,5098 ,*,77.0 ,96.2,91.6,1,96.8,22.7,*,19.9 ,69.0 ,72.4 ,94.5 ,74.3 ,87.7 ,86.3 ,16.9 ,53.3 ,84.6 ,65.0 ,100.0 ,0.0 ,3.7,*,*,*,3.9,48.0 ,59.0 ,(80.9),*,8.2 ,*,7.9 ,38.5 ,18.2 ,7.5 ,34.4 ,2.3 ,17.3,12.4,58.7,69.3 ,66.3,(42.3),65.4,71.5 ,5,3.5,9.3,5.1,3.4,9.4,13,4.4,20.8,15.9,5.3,25,0,0,0,27.2,55.8,15.5,39.9
Dhemaji ,Assam,918,989,148,77.3,30.6,1028,1022 ,98.4,47.2 ,95,95.3,70.8,21.6,99.6,66.8,4.2 ,81.5,43.6,32.0 ,0.6 ,10.8 ,74.7,72.6,45,14.6,0,3.8,23.9,1.6,1.3,7.1,3.5,28.2,67.0 ,76.2 ,62.2 ,96.5 ,45.3 ,14.6 ,98.9 ,72.8 ,5168 ,(3.1),75.4 ,87.3,84.1,4.2,91.5,16.1,*,15.8 ,89.7 ,90.8 ,96.7 ,95.3 ,94.7 ,93.2 ,13.8 ,76.7 ,90.0 ,64.1 ,98.3 ,0.0 ,0.9,*,*,*,3,(40.0),45.5 ,(75.5),*,6.9 ,*,6.8 ,37.2 ,18.3 ,10.1 ,25.7 ,3.5 ,12.1,15.6,57.1,73.1 ,62.9,(61.7),62.9,59.3 ,4.9,2.2,7.8,9.2,3.7,13.3,10.1,4.6,16,17.4,5.4,24.1,0,0,0,26.2,62.7,30.6,59.5
Tinsukia ,Assam,919,1062,155,72.6,25.4,1023,884 ,92.1,64.3 ,95.7,96.8,66.7,40.9,99.3,60,2.4 ,70.5,25.6,19.8 ,1.5 ,6.1 ,74.6,59.2,36.5,16.7,0.1,3,13.4,2.1,0.5,11,4.4,17.6,72.2 ,70.7 ,63.1 ,93.9 ,43.8 ,19.2 ,100.0 ,73.6 ,5163 ,(2.8),77.8 ,82.6,66.2,1,83.2,26.5,(58.4),25.5 ,(75.0),(78.8),(97.2),(82.8),(92.7),(95.1),(38.0),(39.3),(90.2),59.3 ,(82.1),(6.0),4.9,*,*,*,2,(50.1),51.6 ,*,*,17.5 ,*,16.3 ,32.8 ,21.5 ,9.4 ,32.2 ,2.7 ,17.6,16.9,66.5,66.4 ,72.9,(71.7),72.8,71.5 ,8.9,4.7,13.9,10.8,8.1,19.5,9.6,4.7,17.1,12.5,5.4,19.3,0,0.2,0.2,23.1,51.1,15.7,43.7
Dibrugarh ,Assam,920,1086,161,79.5,24,1002,979 ,93.9,72.3 ,94.4,98.1,75.3,44.7,99.5,58.8,2.8 ,76.6,33.7,23.0 ,0.0 ,4.8 ,79.8,64.6,43.6,24.3,0.1,3,10.7,4.5,0.5,8.7,4.8,28.9,76.5 ,75.8 ,75.6 ,94.1 ,58.9 ,28.0 ,99.6 ,82.1 ,5125 ,*,87.0 ,93.1,71.6,1.2,95.3,27.7,62.9 ,19.9 ,(83.8),(85.5),(97.8),(83.8),(93.0),(97.8),(35.1),(50.0),(93.0),56.5 ,(87.2),(7.6),5.8,*,*,*,2.5,56.1 ,52.6 ,*,*,5.7 ,*,5.6 ,27.3 ,20.6 ,8.4 ,32.0 ,2.0 ,20.3,20.9,58.7,66.4 ,72,47.2 ,70.8,64.3 ,7.9,6.6,15.4,9.1,9,19.2,10.7,4.3,18.1,13.5,4.3,21.4,0,0.2,0.5,27.9,57.7,19,51.9
Golaghat ,Assam,919,1028,129,77.6,24.3,1002,1145 ,90.9,55.2 ,96.4,93.7,73.1,33.1,98.7,69.3,7.1 ,75.1,27.9,20.7 ,0.0 ,9.5 ,70.6,61.6,35.7,13.2,0,3.1,13,5.6,0.2,10.9,4.7,25.3,63.3 ,76.1 ,65.7 ,97.7 ,63.7 ,26.2 ,100.0 ,73.5 ,5186 ,*,83.5 ,90.4,81.4,2.2,92.1,22.6,*,19.6 ,(72.4),(75.9),(92.6),(79.7),(84.9),(87.5),(35.4),(47.2),(82.8),61.1 ,(95.5),(2.2),8,*,*,*,4.1,(54.4),53.6 ,*,*,4.8 ,*,4.4 ,26.3 ,19.2 ,5.4 ,25.5 ,2.4 ,25.1,16,51.2,75.1 ,77.2,(76.7),77.2,74.7 ,6.4,4.7,11.6,6.7,6.6,14.4,10.7,6.9,20.5,13.9,6.3,22,0.2,0.2,0.2,21.6,52,10.4,38.2
Dima Hasao ,Assam,918,1001,149,85.1,27.7,959,908 ,95,(60.3),95.9,50.2,83.8,48.2,99.4,61.9,8.5 ,87.7,42.4,16.5 ,0.7 ,5.4 ,79.1,65.5,44.9,10.2,0.2,4,27,3.1,0,9.7,2.6,18.3,66.6 ,58.9 ,46.9 ,96.8 ,40.8 ,17.6 ,99.2 ,73.8 ,4825 ,*,76.8 ,89.5,84.6,1.8,91.9,19.7,*,18.5 ,(63.6),(63.8),(91.3),(73.6),(71.9),(71.7),(15.9),(46.1),(69.9),63.3 ,(98.1),(0.0),7,*,*,*,2.7,(39.9),58.0 ,*,*,9.3 ,*,8.7 ,30.6 ,23.6 ,11.3 ,21.7 ,12.5 ,10,16.2,53.8,73.1 ,61.1,(43.3),60.5,70.9 ,5.6,2.4,9.8,8.7,2.8,13.3,11.2,3.5,17.1,16.9,4,23.5,0,0,0,21.3,55.2,23.9,57.2
Cachar ,Assam,907,1110,152,80.5,30.9,1012,991 ,96,72.4 ,81.7,43.8,57.6,43,98.6,57.9,3.7 ,77.2,25.8,29.9 ,1.0 ,8.5 ,57.8,48,38.2,6.9,0.1,1,22.9,6.1,0.6,15.6,6.9,23.6,82.2 ,52.0 ,32.7 ,90.0 ,35.6 ,12.0 ,98.2 ,57.3 ,3799 ,1.8 ,61.4 ,79.2,74.9,2.1,80.2,12.5,*,13.2 ,70.4 ,82.1 ,88.3 ,74.4 ,82.5 ,76.9 ,9.2 ,39.9 ,63.8 ,67.9 ,98.6 ,0.0 ,4.2,*,*,*,2.1,50.4 ,29.8 ,(50.8),*,2.9 ,*,2.7 ,28.7 ,30.7 ,12.5 ,38.2 ,3.3 ,19.7,9.1,79.1,61.8 ,58.2,44.0 ,57.4,57.6 ,6.4,6.1,13.1,7.3,4.5,14.4,9.7,3.7,17,9.1,2.9,15.4,0.2,0,0.2,33.2,51,2.5,14.6
Karimganj ,Assam,917,1170,160,82.1,32.3,1000,885 ,98.2,72.6 ,87.1,62.3,61.5,39.6,98.7,64.4,7.1 ,80.7,19.6,27.7 ,2.3 ,9.9 ,59.8,64.3,54.9,6.1,0.5,2.3,34,9.5,1.9,8.6,4.2,31,84.5 ,54.8 ,42.8 ,94.2 ,39.9 ,11.4 ,99.5 ,63.9 ,4287 ,0.0 ,70.2 ,76.4,69.8,2.4,78.3,7,(51.4),5.2 ,75.1 ,75.9 ,95.5 ,84.2 ,84.0 ,85.5 ,22.7 ,47.3 ,80.2 ,74.7 ,95.0 ,0.0 ,7.6,(68.4),(55.6),(45.8),2.3,59.6 ,40.3 ,(53.1),(35.4),4.7 ,*,5.3 ,29.1 ,48.0 ,30.5 ,52.9 ,1.0 ,17.8,6.6,75.8,64.1 ,52.5,41.9 ,52,60.6 ,6.3,4.3,11.5,8.5,4.5,15.2,9,2.6,16.5,11,2.7,17.2,0,0,0.5,43,54.2,1.4,7
Hailakandi ,Assam,905,1057,130,81.5,33.7,1054,951 ,96.6,60.3 ,91.2,41.2,60,35.2,97.6,53.6,6.5 ,82.2,25.3,32.9 ,1.7 ,10.4 ,56.1,66.8,49.5,4.1,0,4.3,25,12.8,2.2,8.6,4.2,26.1,94.7 ,77.6 ,43.1 ,96.2 ,29.0 ,8.3 ,100.0 ,68.8 ,5090 ,(3.7),70.1 ,83,75.1,2.2,84.8,12.8,(69.3),9.7 ,68.6 ,76.9 ,95.4 ,77.8 ,78.9 ,85.6 ,22.1 ,50.0 ,77.4 ,80.0 ,100.0 ,0.0 ,5.1,*,*,*,4.9,45.4 ,24.4 ,(50.9),(25.8),1.7 ,*,1.6 ,42.9 ,22.2 ,8.2 ,42.4 ,2.0 ,25.7,10.9,77.5,59.5 ,61.5,58.7 ,61.4,58.1 ,7.1,5.8,14.2,9,7.3,18.9,12.2,5.8,21.8,15.6,5.6,24.4,0,0,0,45.1,58.3,3.1,10.1
Bongaigaon ,Assam,916,1092,169,77,28.9,998,881 ,95.2,69.1 ,97,95.3,72.5,49.8,98.3,57.6,7.7 ,75.8,28.6,41.7 ,0.9 ,15.4 ,69,57.6,45.3,5.9,0.1,2.6,30.6,4.8,0.5,16.1,5.1,23.4,65.1 ,65.1 ,33.9 ,91.8 ,46.7 ,22.3 ,98.5 ,57.0 ,4778 ,(2.4),63.3 ,84.5,74.9,4.9,89.1,15.2,(78.7),10.2 ,67.9 ,73.2 ,94.1 ,74.7 ,80.4 ,84.2 ,17.0 ,40.0 ,71.3 ,65.0 ,96.8 ,3.2 ,4.4,*,*,*,1.6,46.6 ,46.7 ,*,*,17.0 ,*,16.5 ,46.2 ,20.2 ,7.4 ,35.3 ,8.8 ,13.1,16.9,66.4,77.2 ,71.4,(51.2),70.6,73.8 ,7.6,4,12.6,8.5,5.8,15,7.9,4,13.6,9.9,3.6,15.9,0.7,0.8,0.7,18.8,45.7,1,13.2
Chirang ,Assam,912,1076,148,71.5,28,1015,906 ,99.3,72.7 ,97.8,92.1,77.1,44.5,98.6,61.5,7.9 ,71.5,23,30.9 ,0.0 ,13.7 ,63.5,65.8,55.6,3.9,0.1,5.2,39.9,6.1,0.2,9.8,3.7,34.2,75.3 ,55.9 ,56.5 ,96.1 ,47.1 ,22.8 ,99.2 ,59.7 ,5052 ,(4.3),63.0 ,83.7,71.1,2.7,82.9,15.3,(69.0),9.3 ,71.1 ,68.2 ,98.2 ,77.9 ,86.4 ,89.3 ,29.3 ,43.8 ,84.5 ,63.7 ,96.5 ,3.5 ,6.3,*,*,*,1.6,33.2 ,40.5 ,(76.8),*,9.9 ,*,9.7 ,42.7 ,19.5 ,8.5 ,39.7 ,4.5 ,17.2,13.3,64.2,70.4 ,65.7,(54.1),65.2,68.8 ,5.7,2.6,8.8,8.9,4.1,13.3,14,5.2,20.8,18.5,6.4,25.6,0.4,0.2,0.2,18.6,55.1,8.9,30.9
Kamrup ,Assam,894,1021,138,79.4,25.6,997,701 ,91.4,52.4 ,94.8,92.1,68.7,57.4,98.2,47,(6.5),79.6,39.2,21.9 ,0.0 ,15.7 ,62.1,38.7,32.3,8,0,3.4,15.8,4.8,0.3,17.6,7.7,17.1,58.9 ,57.0 ,46.9 ,85.9 ,42.5 ,24.3 ,95.5 ,61.4 ,8654 ,(0.0),67.0 ,85,69.8,4.3,88.5,32.8,(72.4),31.1 ,63.6 ,(73.0),90.5 ,70.1 ,86.1 ,83.0 ,17.4 ,38.1 ,73.2 ,64.0 ,93.9 ,6.1 ,5,*,*,*,1.5,52.9 ,45.5 ,*,*,6.7 ,*,6.5 ,22.6 ,14.8 ,5.3 ,19.7 ,7.5 ,12.9,23.5,75.1,72.9 ,71.7,(66.5),71.5,72.5 ,7.1,8.4,18.1,9.3,7.3,19.6,12,3.9,22.2,10.5,3.7,19.2,0.2,0,0.3,14.3,44.7,3.2,19.1
Kamrup Metropolitan ,Assam,903,926,165,87.5,20,946,986 ,95.2,(77.4),99.2,87.2,65.2,85.1,99.7,45.5,(2.6),86,49.1,21.9 ,0.4 ,10.1 ,86.3,56.8,41.5,13.4,0,4.5,16.8,6.6,0,8.8,2.5,16.6,50.3 ,77.6 ,68.9 ,96.3 ,51.7 ,16.9 ,98.3 ,75.6 ,8275 ,*,79.9 ,89.1,55.7,2.2,90.1,38,65.8 ,28.7 ,(53.6),(69.0),(90.6),(59.1),(77.0),(74.7),(11.1),(50.9),(71.2),54.9 ,(78.9),(19.2),5.2,*,*,*,1.3,(58.8),53.0 ,*,*,(1.1),*,1.0 ,25.4 ,18.2 ,7.3 ,25.0 ,8.7 ,12.6,21.3,69.1,80.4 ,75.2,(56.4),74.6,80.6 ,8.3,6.8,17.1,7.8,10.4,20.3,8.2,2.6,17,11.4,2.8,20.3,0.2,0.2,0.4,11.8,39.9,3.9,24.2
Nalbari ,Assam,886,1011,145,81.8,24.5,1043,994 ,97.1,55.0 ,94.7,99.5,68.1,51.1,99.4,52.5,7.0 ,83.9,41.6,28.1 ,0.4 ,8.6 ,74,53.3,38.7,11.8,0,2.6,21.4,2.9,0,13.2,4.8,18.8,60.6 ,70.7 ,55.9 ,92.8 ,38.6 ,16.7 ,96.9 ,73.8 ,6478 ,*,73.2 ,91.8,69.2,0.4,91.4,38.7,82.8 ,28.8 ,(65.5),(79.8),(89.9),(73.4),(85.2),(87.7),(24.4),(44.1),(71.1),58.4 ,(97.6),(0.0),3.6,*,*,*,2.2,64.1 ,41.8 ,*,*,9.1 ,*,8.8 ,27.5 ,15.4 ,4.9 ,26.7 ,4.6 ,16.4,21.8,75,71.0 ,66.9,(53.2),66.4,66.8 ,8,8,17.4,9.7,9.7,20.9,12,5,22.5,15.7,5.1,24.9,0.9,1,0.8,11.7,42,2.4,15.5
Baksa ,Assam,921,1175,156,74.1,26.5,1057,1097 ,97.9,50.1 ,98.1,89.8,68.9,35.2,98.9,69,3.3 ,74.8,27.8,24.9 ,0.0 ,12.3 ,67,59.2,47.3,7.1,0,3.3,33.5,2.7,0,12.5,5.7,24.8,76.2 ,61.1 ,56.0 ,95.0 ,56.2 ,30.2 ,99.8 ,65.0 ,7312 ,(3.4),70.9 ,89.9,82.2,4.6,92.1,17.6,(81.7),13.8 ,70.5 ,67.3 ,93.6 ,78.3 ,87.2 ,91.9 ,26.6 ,53.8 ,68.3 ,55.8 ,100.0 ,0.0 ,5.8,*,*,*,0.8,59.0 ,34.9 ,(60.6),(69.4),12.6 ,*,14.0 ,41.2 ,17.0 ,6.2 ,34.0 ,8.6 ,15.1,18.8,66.9,78.6 ,73.8,(65.3),73.6,76.6 ,8.7,4,13.4,9.4,6.3,16.1,15,7.2,24.5,17.8,5.3,25,0.3,0.3,0,14.9,57.6,11.9,33.4
Darrang ,Assam,918,1053,176,75.2,29.2,929,757 ,96.9,69.2 ,89.5,99.7,67.9,30.1,97.4,53.7,3.2 ,75.6,27.5,42.8 ,0.6 ,16.1 ,62.2,46.8,36.5,3.5,0.1,2.8,25.8,3.1,0.9,14.8,5.8,18,51.2 ,56.5 ,37.5 ,91.1 ,43.3 ,22.3 ,99.0 ,53.2 ,7001 ,(6.0),66.3 ,84.4,81.1,2.3,87,10.8,*,10.0 ,57.1 ,58.1 ,94.9 ,68.7 ,76.7 ,82.2 ,11.9 ,34.4 ,70.4 ,48.2 ,98.9 ,1.1 ,2.1,*,*,*,2.3,62.4 ,51.7 ,(61.1),*,9.2 ,*,9.1 ,42.0 ,27.0 ,9.1 ,33.1 ,5.6 ,17.4,13.3,71,66.8 ,71.4,51.6 ,70.4,69.9 ,7,3.4,11,8.3,4.8,14.2,9.6,4.3,16.7,8.9,2,14.5,0.4,0,0,10.2,43,0.3,7.8
Udalguri ,Assam,916,1088,151,70.6,27.2,1087,1255 ,96.1,51.2 ,95.5,82.3,73.8,34,99.3,70.6,1.7 ,70,23.8,32.0 ,1.1 ,4.7 ,61.8,50.2,36.2,6.4,0.3,2,23.9,3,0.2,14.6,6.4,14.6,47.2 ,50.1 ,49.8 ,91.0 ,44.2 ,25.7 ,99.6 ,53.1 ,6731 ,(0.0),62.9 ,86.2,78.5,1.9,87.9,14.4,*,10.8 ,(38.3),(52.0),(78.6),(48.6),(68.0),(75.9),(20.9),(52.2),(65.7),53.2 ,(88.0),(0.0),3.2,*,*,*,2.3,55.6 ,46.5 ,*,*,2.6 ,*,2.5 ,33.8 ,21.3 ,11.6 ,32.5 ,5.2 ,16.1,14,66.9,77.6 ,82.2,(63.9),81.5,72.6 ,6.6,4.6,12.1,9.4,6.8,18,10,7,19.7,15.8,4.1,22.6,0.2,0.3,0.2,12.2,50.8,11.1,35.1
Biswanath ,Assam,901,1000,135,72.1,28.7,996,1014 ,98.7,62.5 ,91.1,76.2,76.6,35,98,68.4,2.9 ,69.2,23,25.3 ,0.8 ,9.0 ,70.9,72.4,56.1,11.9,0.3,2.1,36.3,4.5,0.6,5.3,1.4,29.9,73.5 ,41.2 ,46.5 ,94.6 ,63.7 ,21.4 ,99.3 ,56.5 ,3676 ,(2.8),58.1 ,84.3,74,0.6,84.6,15.3,(70.6),11.0 ,66.2 ,74.3 ,88.3 ,69.2 ,82.5 ,87.2 ,26.4 ,54.0 ,82.6 ,61.4 ,100.0 ,0.0 ,3.7,*,*,*,2,(49.1),62.7 ,(68.0),*,14.8 ,*,14.5 ,42.7 ,27.1 ,13.7 ,41.0 ,3.3 ,22,10.6,69.3,79.8 ,65.1,(45.1),64.4,67.8 ,5.5,2.6,8.1,5.7,4.4,10.4,14.5,7,23.5,19.1,7.6,28.4,0.5,0,0,27.8,61.6,11.5,40.5
Charaideo ,Assam,922,1117,166,75,25.8,1027,1040 ,94.4,50.6 ,91.7,96.4,75.9,27.3,99.7,64.9,1.7 ,71.9,26.2,22.6 ,0.0 ,3.8 ,68.7,67,43.9,20.1,0.1,4,14.4,4.4,0.1,8.3,3.7,22,69.5 ,74.1 ,64.5 ,95.9 ,51.7 ,19.4 ,98.7 ,70.5 ,4858 ,(7.0),72.8 ,88.2,76.7,2.2,90.5,20,(62.5),16.7 ,(74.0),(81.5),(96.2),(82.0),(90.1),(90.0),(27.8),(35.9),(79.6),58.0 ,(87.7),(7.6),9.8,(68.6),(11.8),(72.7),2.2,58.7 ,58.3 ,*,*,10.5 ,*,9.9 ,39.0 ,23.5 ,7.3 ,34.8 ,4.0 ,24.7,10.3,53.5,69.7 ,72.6,(61.6),72.3,76.1 ,7.1,4.1,11.9,8.8,5,14.9,9.3,5.2,18.2,12.6,3,17.9,0.2,0,0,25.4,57.9,17.7,50.4
Dhubri ,Assam,912,1017,128,71.8,32.3,1000,914 ,96.4,73.1 ,92.5,96.7,61.8,40.7,99.1,59.4,5.3 ,69.5,20.4,50.8 ,1.0 ,22.4 ,48.8,64.1,53.2,1.8,0,1.3,44.2,5.1,0.7,11.5,4,22.6,76.7 ,49.9 ,37.6 ,97.0 ,47.6 ,14.6 ,98.2 ,48.4 ,4691 ,0.8 ,54.5 ,64.2,61.8,5.8,68.9,6.9,*,8.0 ,71.6 ,69.5 ,90.5 ,77.3 ,82.7 ,84.0 ,31.8 ,47.4 ,81.4 ,50.6 ,96.9 ,0.0 ,9.8,(69.5),(22.9),(43.6),1.7,39.7 ,57.9 ,(66.4),*,6.6 ,*,7.4 ,48.5 ,21.5 ,6.7 ,37.8 ,6.0 ,22.2,12.4,68.1,73.1 ,63,(69.7),63.2,65.2 ,4.6,3.1,8.2,5.9,4.4,10.4,11.3,5.5,18.2,13.4,4.8,19,0,0,0,21.8,55,0.3,5.1
Hojai ,Assam,896,1027,148,79.1,27.5,986,1017 ,98.7,79.7 ,96.3,99.9,63.1,52,98.9,67.4,3.7 ,83.2,23.1,30.9 ,1.2 ,15.6 ,64.6,61.1,48.2,4.3,0.1,1.2,37.2,4.9,0,13.2,4.9,21.7,73.5 ,52.7 ,51.3 ,96.2 ,50.5 ,16.0 ,98.3 ,63.9 ,5299 ,(0.0),68.4 ,82.1,59.4,4.1,83.5,18.4,51.6 ,11.2 ,55.5 ,(63.6),82.1 ,60.9 ,60.8 ,59.3 ,14.6 ,41.4 ,55.6 ,52.1 ,86.4 ,7.8 ,4.4,*,*,*,2.4,44.7 ,54.9 ,(64.3),*,2.8 ,*,2.7 ,39.3 ,12.7 ,4.6 ,28.4 ,6.0 ,19.3,20.1,69.6,56.8 ,56.6,(51.4),56.3,54.3 ,6.3,7.5,14.6,7.6,8,16.5,11.6,6.9,21,15.9,7.3,25.2,0.9,0,0.5,18.8,53.7,2.2,16.7
Jorhat ,Assam,917,1019,148,84.4,21.6,1009,833 ,92.8,57.2 ,95.1,85.9,80.4,48.3,98.9,60.1,(11.1),85.1,42.9,24.9 ,0.4 ,12.9 ,76.7,63.8,32.3,12.5,0.3,3.6,9.9,6,0,10.4,3.2,14.4,62.6 ,78.3 ,67.0 ,97.4 ,52.1 ,26.6 ,99.2 ,81.4 ,8435 ,*,85.4 ,96.5,74.9,0.4,97.4,44.4,87.7 ,33.9 ,69.2 ,70.4 ,100.0 ,79.4 ,79.8 ,83.3 ,25.9 ,50.3 ,78.4 ,50.9 ,94.2 ,4.1 ,6.3,*,*,*,3,56.6 ,51.6 ,*,*,10.8 ,*,11.5 ,38.7 ,15.5 ,5.1 ,33.2 ,5.4 ,22.5,19.9,49.5,74.1 ,72.4,(56.4),71.8,75.1 ,7.7,7.3,15.3,8.5,9.3,19,14.3,7.1,25.9,16.7,6.4,26.3,0,0.2,0.3,16.5,47.1,4,30.9
Karbi Anglong ,Assam,919,1042,156,76.4,29.9,994,882 ,93,60.7 ,97,79.6,75.2,33.4,99.8,54.1,1.6 ,78.8,30.3,26.1 ,0.0 ,9.1 ,77.6,66.3,41.1,9.3,0,6.2,23.6,1.8,0,9.3,2.4,23.6,74.6 ,64.8 ,63.9 ,90.9 ,35.3 ,9.0 ,96.4 ,56.9 ,6822 ,1.4 ,61.0 ,74.9,69.2,3.4,78.3,15.2,*,16.4 ,64.3 ,(74.3),88.7 ,65.9 ,75.3 ,76.2 ,4.9 ,42.9 ,66.9 ,44.9 ,91.4 ,1.6 ,2.2,*,*,*,2.2,(55.3),50.3 ,(55.2),*,20.5 ,*,18.1 ,31.6 ,17.2 ,8.7 ,28.2 ,4.3 ,10,15.7,59.3,67.5 ,59.5,(42.1),59,57.5 ,6.5,3.2,10.7,8.5,4.8,14.6,10.9,6.5,20.1,15,6.6,22.8,0,0,0.2,20.5,55,20.5,48.5
Majuli ,Assam,921,1052,146,78.4,26.2,995,754 ,98.1,59.3 ,93.5,98.6,65.6,19.3,99.8,60.8,5.2 ,83.4,41.7,25.5 ,1.0 ,10.4 ,75.4,63.7,31.3,12.2,0,3.4,13.6,1.2,0.4,11.6,4.7,25.1,85.6 ,76.1 ,72.2 ,97.2 ,56.7 ,13.7 ,98.4 ,73.5 ,6227 ,*,73.5 ,90.3,85.8,3.2,93.5,22.5,*,21.9 ,78.6 ,83.9 ,95.2 ,84.3 ,86.4 ,90.9 ,17.9 ,55.6 ,80.3 ,62.0 ,100.0 ,0.0 ,3.6,*,*,*,3,(56.4),51.1 ,*,*,14.9 ,*,14.2 ,35.4 ,14.1 ,3.9 ,22.2 ,3.8 ,18,14.4,53,73.0 ,68.1,*,67.8,65.5 ,6.8,3.9,11.1,8.8,5.3,14.9,10.9,6.2,19.7,14.8,6,23.3,0.2,0,0.2,26.6,54.7,32.1,45.4
Nagaon ,Assam,922,1122,169,81.3,31.1,1050,969 ,99.2,66.0 ,94.5,96.1,66.1,38.6,98.7,59.4,4.7 ,78.4,22.1,42.6 ,1.7 ,15.0 ,58.4,58.6,46.8,7.7,0.2,2.8,30.2,5.4,0.1,12.3,3.1,16.6,73.7 ,73.1 ,59.4 ,97.1 ,46.5 ,12.3 ,98.3 ,62.0 ,5670 ,(0.0),65.3 ,83.7,73.4,2.7,86.7,17.9,(80.8),13.0 ,58.2 ,68.0 ,86.9 ,67.2 ,73.6 ,67.3 ,9.6 ,31.4 ,64.6 ,47.9 ,95.3 ,3.3 ,8.7,(75.4),(11.7),(57.1),2.8,42.5 ,61.6 ,(67.5),*,8.5 ,*,8.6 ,38.9 ,19.4 ,5.2 ,32.4 ,7.4 ,21.5,13.2,60.7,68.6 ,61,(62.4),61,65.1 ,8.3,6.2,15.9,10.6,9.1,21.4,8.9,2.9,16.4,9.7,2.5,17,0.2,0.2,0.4,18.2,49,2.5,14.8
Sivasagar ,Assam,919,1020,146,87.1,23.8,989,915 ,97.1,57.9 ,97,92.7,82.3,45.5,99.8,60.7,5.7 ,86.6,47.1,27.9 ,0.8 ,12.8 ,75.7,67.3,39.5,12.4,0,4.4,16.3,5.1,0.3,8.3,3.2,22.1,80.1 ,85.1 ,80.9 ,96.5 ,53.7 ,23.8 ,100.0 ,73.8 ,5466 ,*,83.4 ,95.3,76.2,0.4,95.6,30,(75.3),20.6 ,(77.6),(76.7),(95.7),(81.9),(90.5),(90.5),(22.5),(30.4),(83.8),64.9 ,(97.8),(2.2),5.1,*,*,*,0.4,58.3 ,54.9 ,*,*,24.8 ,*,24.4 ,26.1 ,21.1 ,6.1 ,25.9 ,3.5 ,20.5,21.5,60.4,67.5 ,68,(54.3),67.6,67.2 ,7.9,6.2,15.3,7.7,8.8,17.2,11.5,5.9,22,15.8,6.8,26,0.2,0.3,0.5,25.5,58.4,13.5,42.9
Sonitpur ,Assam,909,1067,148,74.9,26.6,1027,1325 ,96,77.9 ,88.2,82.9,72.2,45.8,99.4,66.9,3.6 ,76.9,24.3,24.0 ,0.3 ,6.5 ,63.4,74.4,58.9,9.1,0.1,1.7,41.9,5.3,0.6,5.8,2,20.5,72.0 ,48.8 ,45.5 ,99.2 ,56.4 ,16.9 ,98.5 ,63.5 ,5123 ,(4.8),67.4 ,83.5,73.1,1.3,82.8,21.1,(73.4),18.5 ,70.9 ,(76.8),90.4 ,76.5 ,76.8 ,80.4 ,21.5 ,62.4 ,75.0 ,58.7 ,(100.0),(0.0),4.3,*,*,*,2.4,42.6 ,49.8 ,(65.6),*,4.4 ,*,4.3 ,36.7 ,13.1 ,4.5 ,21.9 ,3.2 ,21.4,13.1,68.8,69.4 ,64.3,(47.3),63.6,55.5 ,5.1,3.9,9.5,5.9,4.6,11.1,14.5,8,24.8,14.4,7.7,24.5,0.4,0.4,0.2,23.3,59.1,4.4,28.9
South Salmara Mancachar ,Assam,912,1085,162,69.4,36.7,968,911 ,97.6,71.1 ,79.5,98.2,59,28.5,98.9,68.2,1.9 ,63.5,20.9,44.7 ,0.7 ,22.0 ,60.6,71.5,60.8,1.1,0,2.9,53,2.5,0.6,8,1.7,26.7,71.8 ,60.1 ,35.3 ,93.0 ,47.4 ,18.3 ,99.4 ,62.6 ,3092 ,1.5 ,56.1 ,71.7,69.9,8.1,79.4,5,*,5.5 ,65.8 ,66.0 ,97.0 ,74.1 ,81.9 ,85.3 ,6.6 ,47.1 ,73.7 ,65.8 ,100.0 ,0.0 ,5.4,*,*,*,3.9,60.9 ,50.4 ,(66.3),*,7.9 ,*,7.1 ,38.9 ,18.2 ,7.1 ,27.9 ,5.9 ,11.9,8.5,76.2,69.6 ,58.2,37.6 ,57.1,64.5 ,5.3,2.8,8.7,7.1,4.5,12,11.3,3.1,15.5,12.6,2.6,16.5,0,0.3,0,25.2,50,0.2,0.9
West Karbi Anglong ,Assam,921,1065,146,73.8,31.7,959,1105 ,95.4,43.5 ,94.7,44.7,76.7,17.7,98.9,63.1,3.7 ,73.9,21.7,21.3 ,1.7 ,6.0 ,77.3,69.9,43.3,7.8,0,3.9,26.8,4.4,0.1,7.1,3.2,23,80.5 ,55.5 ,46.7 ,87.6 ,39.9 ,10.6 ,98.7 ,55.7 ,3597 ,1.3 ,60.5 ,72.5,68.9,12,84.5,6.4,*,6.0 ,47.9 ,54.5 ,92.7 ,52.9 ,70.3 ,66.6 ,3.3 ,50.5 ,65.7 ,42.1 ,100.0 ,0.0 ,6.8,*,*,*,2.9,50.7 ,56.2 ,(75.6),*,14.5 ,*,12.8 ,40.9 ,23.2 ,12.7 ,31.1 ,3.9 ,13.1,9.4,54.4,79.0 ,58.8,(38.8),57.9,58.8 ,6,2.1,9.1,8.6,2.3,12.2,11.3,4.2,17,17,3.3,22.2,0,0.2,0,20.2,58.2,23,54.2
Pashchim Champaran ,Bihar,934,1070,109,59.8,36.5,1088,904 ,71.5,29.4 ,93.5,99.7,43.3,31.4,97.7,20,9.2 ,52.5,21.6,39.1 ,5.8 ,12.5 ,42.9,50.7,40.2,34.5,0,0.2,1,2.7,0.7,12.1,6.3,21,38.9 ,55.0 ,25.4 ,89.7 ,9.9 ,6.5 ,83.9 ,57.3 ,1882 ,1.4 ,64.1 ,79.5,60.6,4,78.4,6.4,25.2 ,2.8 ,62.1 ,82.7 ,88.8 ,74.7 ,74.3 ,79.9 ,21.4 ,1.0 ,73.4 ,62.4 ,96.8 ,2.0 ,22.1,56.8 ,16.4 ,59.7 ,6.6,60.2 ,25.9 ,64.2 ,*,9.4 ,*,13.6 ,43.5 ,13.2 ,5.4 ,30.3 ,2.4 ,24.6,20.6,59.4,61.6 ,49.8,61.4 ,50.6,56.3 ,4.3,4.5,9.3,5.9,6.8,13.4,11.3,5.1,18.1,12.3,7.8,22.6,0.3,0,0,5.9,48.1,0.9,10.8
Purba Champaran ,Bihar,934,1142,87,58.2,40,1185,841 ,68.8,34.4 ,94.8,99.9,48.3,44.2,96.9,19.4,5.8 ,50.2,20.1,49.2 ,4.8 ,12.7 ,41.5,49.9,40.8,31.8,0,1.1,1.8,2.5,1.2,17.2,8,18.4,45.7 ,45.4 ,21.7 ,86.4 ,18.4 ,9.8 ,83.5 ,43.7 ,2811 ,3.2 ,41.8 ,61.5,43,7.9,67.4,5.4,22.7 ,2.8 ,68.3 ,73.8 ,90.8 ,74.1 ,79.2 ,77.0 ,23.0 ,0.9 ,77.7 ,51.5 ,94.5 ,5.5 ,13.4,40.7 ,19.7 ,56.0 ,4.7,59.8 ,33.7 ,(72.0),(40.5),14.9 ,*,15.4 ,49.1 ,16.8 ,5.7 ,37.9 ,3.8 ,23.4,16.3,57.5,61.0 ,57.1,61.1 ,57.3,64.4 ,5.3,4.9,10.8,8.1,7.8,16.4,9.1,4,16.2,13.8,6.8,23.6,3.3,0.6,0.4,7.6,55.2,0.5,14.9
Sheohar ,Bihar,944,886,104,56.2,36.2,1066,1017 ,82.5,49.1 ,97.6,100,57.9,31.3,95.6,18.1,3.3 ,52.5,21,34.6 ,4.7 ,3.3 ,57.3,65.6,49.7,38.2,0,1.1,1.6,4.3,1.7,10.4,5.3,24.7,58.7 ,62.8 ,25.3 ,94.0 ,11.3 ,5.0 ,93.2 ,61.1 ,2090 ,0.0 ,58.7 ,74.3,63.8,6.4,77,5.3,(39.2),2.0 ,62.9 ,73.5 ,92.8 ,69.0 ,75.0 ,81.3 ,19.9 ,3.8 ,75.0 ,59.2 ,98.7 ,1.3 ,8.7,(49.8),(33.3),(57.0),5.2,73.3 ,27.3 ,(83.5),*,2.9 ,*,3.5 ,34.4 ,35.4 ,21.4 ,42.2 ,3.4 ,20,7.6,69.1,73.1 ,63.4,37.3 ,61.6,64.3 ,4.2,3.1,7.5,8.7,4.6,13.9,10.1,3.7,15.5,14.6,4.5,20.8,0,0,0.3,4.5,56.6,0.3,14.9
Sitamarhi ,Bihar,911,1004,116,59.1,38.2,1209,1009 ,78.9,35.6 ,93.1,99.7,50.7,40.5,95,20.7,9.5 ,51.7,19.2,46.8 ,6.3 ,13.1 ,47.6,52.8,41,33.9,0,1.2,1.3,2.1,1.5,17,7.1,17.3,52.2 ,57.8 ,20.3 ,87.6 ,14.3 ,9.6 ,91.1 ,51.1 ,2538 ,1.0 ,57.3 ,64.4,49.9,7.9,69.6,8.5,40.8 ,5.3 ,66.6 ,76.1 ,92.7 ,70.4 ,78.3 ,78.4 ,27.3 ,0.9 ,77.7 ,60.0 ,100.0 ,0.0 ,26.6,69.6 ,18.3 ,63.9 ,3.4,67.7 ,22.6 ,63.7 ,*,17.4 ,*,16.3 ,54.2 ,16.2 ,4.7 ,40.8 ,2.2 ,31.8,13.9,59.5,70.0 ,61.8,59.7 ,61.7,61.4 ,6.2,5.6,12.3,8.8,5.3,14.6,9.9,4.3,17.8,10.8,4.8,17.9,0,0,0,6.4,55.4,0.1,12.7
Madhubani ,Bihar,918,976,83,55.6,34.7,1227,805 ,81.1,22.8 ,98.6,100,38.2,40,91.9,19.2,8.3 ,53.2,26.5,39.2 ,3.3 ,10.2 ,57.4,47.4,39.5,33,0.1,0.7,1.2,2.2,1.6,17.7,7,18.6,54.3 ,67.5 ,34.9 ,94.0 ,16.2 ,9.1 ,91.5 ,58.9 ,2426 ,2.4 ,61.0 ,73.7,52.4,7.8,78.5,13.2,51.2 ,4.2 ,74.1 ,85.6 ,95.7 ,80.3 ,85.7 ,91.2 ,38.6 ,0.0 ,83.1 ,74.7 ,96.0 ,2.0 ,30.2,64.6 ,30.4 ,68.4 ,4.4,66.5 ,27.7 ,(74.6),*,13.4 ,*,12.0 ,43.3 ,17.1 ,6.0 ,36.0 ,2.0 ,25.1,13.7,66.3,71.0 ,60.9,68.0 ,61.4,69.2 ,7.4,4.9,13.2,9.3,9.5,20,9.5,4.2,18.2,12.8,6.4,23.4,0.8,0,0.3,5,53.9,0.1,11.1
Supaul ,Bihar,945,1153,112,50.9,39.8,1126,884 ,67.9,28.7 ,97.3,99.7,50.7,15,94.3,14.2,6.8 ,42.1,16.2,55.9 ,5.6 ,17.0 ,55.4,63.7,56.2,50.5,0,0.6,0.8,1.5,1.7,12.1,5.7,26.1,44.5 ,59.0 ,30.9 ,89.8 ,13.2 ,8.0 ,96.1 ,60.7 ,1760 ,4.3 ,64.2 ,80.4,73.6,4.2,79.4,3.7,(26.4),2.6 ,73.6 ,80.5 ,99.2 ,76.8 ,88.0 ,85.5 ,31.3 ,0.0 ,81.7 ,50.5 ,99.3 ,0.0 ,39.3,59.5 ,25.9 ,61.4 ,5,62.9 ,37.0 ,64.1 ,(35.1),14.1 ,*,14.5 ,42.3 ,25.8 ,8.2 ,45.0 ,1.4 ,30.9,9.4,68.3,63.6 ,61,56.1 ,60.7,63.2 ,6.8,5.5,12.7,6.8,7.8,15.6,6.3,2.5,11.6,8.8,3.1,14.1,0.4,0,0.2,11.4,53,0.1,7.9
Araria ,Bihar,947,1122,124,53,40.5,1094,885 ,59.8,25.5 ,96.2,100,32.2,15.2,93.7,19.5,8.8 ,43.7,16.8,52.0 ,6.8 ,13.3 ,36.4,46,42.8,36.2,0,0.1,0.9,1.7,3.2,15.9,6.4,11,33.9 ,41.6 ,25.8 ,86.4 ,17.6 ,7.6 ,90.6 ,46.4 ,3606 ,2.6 ,48.2 ,66.2,51.5,6.5,70.3,9.2,45.2 ,4.9 ,61.6 ,71.1 ,90.0 ,67.3 ,77.4 ,83.0 ,32.3 ,0.0 ,74.2 ,57.1 ,94.7 ,1.6 ,16.3,50.5 ,9.2 ,65.9 ,6,57.9 ,30.6 ,69.0 ,(35.9),13.1 ,(10.7),12.8 ,49.9 ,23.9 ,5.2 ,47.8 ,3.0 ,30.4,9.9,57.2,75.8 ,67.7,70.5 ,67.9,64.0 ,6.9,6.4,13.6,10.1,7.8,18.8,5,2.9,12.1,8.9,3.1,15.8,1.1,0.7,0.7,12.3,53.2,0.2,8.4
Kishanganj ,Bihar,929,1116,111,56,39.9,1199,1016 ,74.3,33.5 ,95.8,100,52.4,15.3,94.8,8.1,5.9 ,48,15,36.6 ,5.2 ,10.0 ,39.8,25.3,21,14.6,0.1,0.5,2.4,2.5,0.5,21.7,8,12.2,43.3 ,37.6 ,17.1 ,79.2 ,17.5 ,10.9 ,84.7 ,40.7 ,4174 ,2.6 ,42.1 ,54.6,41.5,12.4,64.9,12.1,71.0 ,6.6 ,67.3 ,80.9 ,93.2 ,70.2 ,80.3 ,82.0 ,18.6 ,1.7 ,77.4 ,53.2 ,97.3 ,1.7 ,9.1,64.5 ,4.2 ,64.0 ,1.8,67.7 ,16.9 ,(53.5),30.6 ,12.1 ,*,13.1 ,38.8 ,23.9 ,7.6 ,41.1 ,1.5 ,29.1,11.6,53.4,67.5 ,64.9,68.4 ,65.1,62.6 ,5.6,4.4,11,7.8,8,17,8.5,3.6,17.4,12.4,5,22.7,0.8,0.2,0.2,11.6,50.4,0.6,6.2
Purnia ,Bihar,904,973,133,53.6,40.2,1128,938 ,73.5,39.1 ,92.4,99.6,35.6,19.3,92.6,10.2,13.9 ,47.5,19.2,51.2 ,7.4 ,21.4 ,51.5,25.7,24.3,20.8,0,0.3,1.8,0.9,0.3,20.2,9.3,9.4,22.0 ,26.3 ,11.1 ,83.6 ,12.7 ,6.5 ,93.4 ,41.0 ,4083 ,1.0 ,41.5 ,68.9,55.7,9.3,74.2,7.1,37.1 ,3.9 ,62.7 ,81.8 ,88.1 ,67.7 ,80.0 ,79.5 ,19.5 ,3.7 ,71.1 ,65.2 ,96.7 ,3.3 ,12.4,41.2 ,25.9 ,61.9 ,2.7,63.7 ,26.1 ,53.6 ,(16.2),6.0 ,(3.2),5.5 ,43.5 ,25.8 ,8.0 ,47.1 ,0.8 ,31.4,14.4,48.6,68.0 ,65.1,74.6 ,66,64.0 ,6.9,6.8,16.5,8.9,9.8,21.4,8.2,2.7,18.7,11.9,3.5,22.5,2.1,1.2,0.9,6.2,47.3,0.9,13.2
Katihar ,Bihar,892,945,107,57.5,39,1053,888 ,80.9,36.6 ,92,99.2,44.6,16.9,96.7,8.4,8.8 ,49.7,19.8,49.4 ,4.4 ,16.1 ,49.5,33.8,26.4,18.4,0.1,0.5,3.4,1.7,1.3,22.4,9.2,22.6,57.5 ,40.9 ,15.3 ,84.4 ,16.2 ,8.4 ,91.7 ,41.7 ,2333 ,1.6 ,44.3 ,66.9,59.9,9.3,73.8,4,(37.8),2.3 ,73.7 ,82.6 ,93.2 ,79.1 ,84.1 ,83.9 ,26.1 ,3.1 ,78.3 ,50.2 ,92.1 ,0.9 ,10.6,60.4 ,17.1 ,64.6 ,2.1,66.0 ,25.8 ,(36.1),(53.1),13.6 ,*,13.8 ,43.9 ,23.5 ,8.7 ,48.1 ,1.4 ,26.4,13.1,62.1,65.6 ,68.9,61.0 ,68.4,66.7 ,6.5,6.3,14.4,9.1,8.8,19.6,6,4,17,8.5,2.9,17.8,0,0,0,6.1,49.2,0.6,10.3
Madhepura ,Bihar,931,1055,127,58,38.3,1148,1058 ,61.8,31.4 ,97,99.3,34.6,13.4,95.4,9.5,11.6 ,47.6,23.2,52.0 ,6.5 ,20.8 ,49.6,55.8,47.6,37.4,0.1,0.3,3,4.3,2.4,11.1,4.7,29.9,60.8 ,53.8 ,20.9 ,87.7 ,14.9 ,8.2 ,95.6 ,49.5 ,982 ,4.5 ,58.9 ,75,68.8,5.3,77.1,3,(39.0),1.0 ,72.0 ,87.7 ,97.6 ,77.7 ,83.2 ,86.5 ,29.5 ,0.0 ,77.6 ,55.8 ,98.4 ,1.6 ,13.6,52.1 ,36.2 ,48.6 ,1.6,58.2 ,34.0 ,(64.1),(32.0),6.9 ,(6.8),6.9 ,46.3 ,20.6 ,6.2 ,43.5 ,1.5 ,32,12.9,64.9,67.7 ,65.4,69.0 ,65.7,70.4 ,8.7,6.4,15.4,7.9,8.3,16.9,5.3,1.9,10.4,7.6,2.8,14.5,0.9,0,0.5,7.9,53.2,0.5,13.8
Saharsa ,Bihar,907,960,110,50.2,38.8,1128,1034 ,75.8,32.4 ,97.2,100,40.5,25.2,94.6,12.8,3.7 ,43.1,20.9,51.0 ,4.9 ,23.5 ,43.5,44.7,37.6,34.5,0,0.8,0.5,0.9,0.8,16.7,8.2,21.8,38.7 ,34.8 ,11.7 ,82.7 ,12.1 ,4.4 ,95.1 ,38.5 ,2273 ,0.9 ,40.8 ,70.4,62,5.6,72.9,6.1,(42.7),4.0 ,72.2 ,88.5 ,97.1 ,74.5 ,85.1 ,87.2 ,35.2 ,0.8 ,82.8 ,57.4 ,98.8 ,1.2 ,8.8,50.3 ,21.2 ,71.3 ,2,75.5 ,38.0 ,(49.4),(48.1),11.8 ,*,10.3 ,47.8 ,20.5 ,8.3 ,42.7 ,1.9 ,31,12.8,51.7,69.3 ,65.7,61.8 ,65.3,67.9 ,6.6,4.7,11.7,9,6.7,16.5,6.2,2.8,14.9,8.8,4.2,15.5,0.2,0.2,0,10.7,54.9,0.2,9.6
Darbhanga ,Bihar,913,1053,100,54.9,37.1,1122,812 ,86.1,27.5 ,97.2,99.8,48.7,41.6,96,25.3,3.3 ,49.4,22.7,45.1 ,4.0 ,10.3 ,57.5,61.3,48.8,37.5,0,0.4,3,4.9,1.1,12.7,6.8,21.5,50.2 ,51.8 ,24.9 ,91.9 ,22.0 ,12.2 ,87.6 ,50.5 ,3230 ,1.1 ,50.9 ,69.9,55.8,10.7,75.9,10.6,52.7 ,5.7 ,66.3 ,80.7 ,95.2 ,69.0 ,78.3 ,81.9 ,30.4 ,0.0 ,78.3 ,60.4 ,94.9 ,5.1 ,14.3,61.9 ,19.6 ,57.9 ,3.8,65.4 ,30.9 ,(71.7),*,13.4 ,*,14.0 ,45.4 ,19.3 ,6.4 ,39.2 ,1.5 ,25.6,13.4,59.8,68.9 ,61.3,52.5 ,60.8,59.7 ,6.4,5.9,13.5,10.1,8.8,19.3,9,3.7,17.5,13.7,6.3,23.5,0.8,0.2,0.2,5.6,55.1,0.3,10.6
Muzaffarpur ,Bihar,914,1095,94,65.1,34.9,1097,685 ,82.2,38.3 ,96.6,99.9,55.2,41.5,96.1,13.2,4.9 ,63,33.8,32.9 ,5.5 ,8.2 ,67.8,66.1,55.7,45,0,0.9,2.3,4.7,1.2,12.1,6,20.8,57.9 ,55.9 ,28.2 ,93.8 ,13.7 ,8.1 ,84.1 ,55.9 ,3663 ,4.6 ,55.9 ,72.5,51.3,7.9,78.2,10.5,40.3 ,3.9 ,74.9 ,83.7 ,99.1 ,75.9 ,88.5 ,91.9 ,34.4 ,1.1 ,88.4 ,57.8 ,98.0 ,2.0 ,14.6,66.3 ,27.9 ,61.6 ,4.3,80.3 ,29.7 ,(71.9),*,16.3 ,*,17.2 ,42.6 ,19.9 ,8.1 ,34.7 ,1.9 ,25.2,16.5,57.3,64.6 ,58.7,61.7 ,58.9,66.1 ,6.9,4.9,12.4,6.9,7.2,16.4,9.8,5,18.1,14.1,6.9,24,1.4,0.2,0,7.2,51.5,0.5,11.2
Gopalganj ,Bihar,912,1139,96,63.3,34.6,1157,943 ,87.8,40.8 ,96.2,99.9,60.1,39.4,96.6,12.7,2.7 ,63.3,32.9,28.0 ,3.5 ,7.6 ,63.8,57.3,39.5,27.1,0,0.2,1.5,3.3,0.6,19.4,5.5,17.9,45.7 ,53.2 ,27.9 ,90.1 ,23.6 ,8.6 ,89.6 ,53.9 ,2559 ,0.0 ,54.2 ,85.9,60.3,3.3,88,9.1,27.5 ,3.4 ,75.8 ,97.9 ,98.4 ,79.0 ,91.1 ,89.6 ,37.0 ,1.7 ,91.1 ,69.1 ,98.1 ,1.9 ,6.1,(69.2),(9.1),(40.6),5.9,61.5 ,38.6 ,83.5 ,*,14.9 ,*,13.8 ,34.2 ,21.5 ,9.8 ,29.2 ,3.5 ,22.7,17.9,69,56.1 ,53.8,54.0 ,53.8,54.1 ,4.7,4.9,10.5,5,4.8,10.1,11.7,5.1,20.3,16.3,5,22.8,1.5,0.2,0,5.2,47.8,0.1,12
Siwan ,Bihar,941,1256,95,70.7,31.5,1141,1060 ,86.5,61.9 ,95.3,99.8,47.7,48,94.1,8.2,13.2 ,70.9,38.9,21.3 ,3.8 ,2.6 ,55.8,53.5,42.4,30.2,0,0,2.3,7,0.7,15.4,5.1,9.3,40.2 ,61.0 ,30.3 ,96.6 ,21.1 ,12.8 ,82.9 ,63.9 ,4135 ,(9.9),63.0 ,86.4,65.3,4.4,86.9,11.3,37.8 ,5.2 ,76.1 ,83.2 ,97.4 ,78.4 ,92.6 ,86.4 ,25.3 ,0.0 ,87.2 ,48.3 ,100.0 ,0.0 ,15.8,56.7 ,14.2 ,49.1 ,7.4,71.6 ,21.9 ,(59.5),*,10.8 ,*,10.8 ,36.7 ,18.2 ,5.8 ,30.8 ,3.1 ,18.1,23.3,63.5,63.9 ,53,(58.0),53.1,64.0 ,3.4,4.9,9,8.3,6.6,15.7,12.4,5.2,19.6,18.1,9.4,29.6,0.2,0,0,4.6,44.1,0.4,11.4
Saran ,Bihar,945,1229,137,64.8,35.3,1077,779 ,73.1,43.8 ,93.6,99.7,37.2,36.8,92.9,9.4,7.2 ,65.6,35.5,26.2 ,4.2 ,6.2 ,59,41.1,31.4,23.6,0,0.4,1.7,4.9,0.5,17.3,7.7,18,36.7 ,44.4 ,30.7 ,88.1 ,14.8 ,8.5 ,94.3 ,54.1 ,2903 ,1.9 ,58.3 ,73,57.2,8.6,79.1,8,43.9 ,1.9 ,72.0 ,85.7 ,95.2 ,75.7 ,89.1 ,88.9 ,31.1 ,16.2 ,83.1 ,50.2 ,99.1 ,0.9 ,15.9,51.5 ,36.8 ,72.1 ,1.6,71.4 ,28.2 ,(45.0),(58.7),5.9 ,*,7.1 ,39.7 ,28.8 ,10.0 ,45.0 ,2.0 ,22.1,19.1,50.7,69.8 ,63,59.1 ,62.8,70.9 ,8.1,6.8,16.5,7.9,8.4,18.1,8.4,3.3,16.7,12.7,2.6,19.3,0.5,0.8,0.3,4.2,44,0.6,17.4
Vaishali ,Bihar,925,1112,123,64.5,34.7,1069,1118 ,81.5,44.1 ,96.5,99.2,52.6,40.9,86.2,13.5,24.9 ,62.4,34,44.9 ,4.6 ,8.1 ,68.2,45.8,41,36.5,0,0.9,0.8,1.9,0.7,16.7,8.3,18.5,47.4 ,46.7 ,24.5 ,80.8 ,14.8 ,6.8 ,88.5 ,57.4 ,2571 ,2.1 ,64.3 ,81.6,63.1,6.5,84.8,9.5,39.9 ,3.4 ,71.0 ,84.2 ,97.4 ,74.8 ,85.0 ,82.3 ,13.2 ,5.3 ,72.7 ,55.8 ,98.1 ,1.0 ,15,54.9 ,18.2 ,69.9 ,3.9,61.4 ,27.6 ,47.0 ,*,12.1 ,*,11.7 ,38.3 ,19.6 ,6.5 ,38.4 ,3.8 ,26.1,16.9,61.8,77.1 ,62.9,66.8 ,63.1,69.6 ,6.5,5.3,13.6,8.1,7,17.1,6,3.5,17.4,10.2,3.7,19.6,0.2,0.4,0.8,3.9,46.3,0.4,19.2
Samastipur ,Bihar,923,1061,118,60.9,37.8,1071,890 ,88.5,39.2 ,95.7,98.6,48.8,36.1,91.9,19,3.4 ,54.3,26.5,49.8 ,5.3 ,14.9 ,58.7,63.7,53.8,41.1,0.1,0.6,3,4.4,1.7,11.1,5.5,20.6,59.4 ,53.4 ,23.5 ,90.4 ,20.8 ,8.9 ,90.4 ,52.1 ,2268 ,9.0 ,51.5 ,83.4,71.9,2.9,83.7,6.2,47.2 ,1.0 ,71.4 ,85.5 ,99.0 ,74.6 ,89.5 ,89.4 ,30.5 ,0.0 ,88.5 ,64.1 ,98.3 ,1.7 ,10.6,60.2 ,30.3 ,56.3 ,4.5,78.7 ,27.0 ,63.5 ,(41.1),17.5 ,*,17.7 ,44.0 ,21.3 ,7.9 ,42.8 ,1.7 ,26.7,15.2,54.3,67.2 ,59.9,69.7 ,60.5,65.9 ,8,5.6,14.3,7.9,7,15.9,7.1,4.2,15.8,9.4,4.4,16.4,0.6,0.6,0.4,3.5,51.7,0.1,10.5
Begusarai ,Bihar,966,1170,165,65,36.4,1076,1058 ,81.7,37.5 ,96.2,99.1,62.2,45.2,89.2,13.2,26.3 ,62.3,34.1,49.5 ,5.9 ,12.1 ,70.7,55.8,46.2,36.7,0.4,1,1.2,2.9,1.2,16,9,17.4,53.1 ,46.5 ,21.6 ,88.6 ,21.4 ,11.8 ,87.8 ,58.6 ,1710 ,8.5 ,60.9 ,86,63.6,3.4,85.6,6.3,25.3 ,0.9 ,65.8 ,80.8 ,96.6 ,72.9 ,82.3 ,81.0 ,24.5 ,2.5 ,80.4 ,57.2 ,96.5 ,1.7 ,11.9,61.8 ,31.6 ,63.1 ,3.1,75.4 ,42.0 ,(50.8),*,5.5 ,(0.0),4.6 ,37.8 ,21.0 ,8.8 ,35.6 ,4.0 ,26,17.6,68.6,74.5 ,63.2,58.7 ,62.9,64.3 ,6.8,5.6,13.2,9.1,5.6,15.8,7.1,2.4,13.9,9.7,3.1,17,0.2,0.2,0,4,49.6,0.4,13.7
Khagaria ,Bihar,909,1072,125,60.6,41.3,1111,918 ,66.8,31.8 ,94.5,98.8,65,33.2,88,15.6,7.2 ,51.8,26.6,44.9 ,6.0 ,15.1 ,50.5,40.9,34.9,27.4,0.1,0.2,1.7,2.8,0.5,15.4,9.5,14.4,56.2 ,44.6 ,17.4 ,83.9 ,15.8 ,3.5 ,89.5 ,54.2 ,4327 ,7.3 ,52.2 ,74.2,64,8.8,82.3,4.4,38.0 ,0.8 ,64.7 ,84.3 ,97.1 ,73.1 ,83.7 ,82.6 ,31.4 ,2.6 ,82.9 ,62.9 ,92.9 ,2.6 ,13.9,55.6 ,27.4 ,69.2 ,1.6,81.2 ,26.3 ,48.2 ,(34.5),16.5 ,(15.6),16.3 ,34.8 ,25.3 ,9.3 ,36.4 ,1.4 ,24.7,18.1,56.5,67.1 ,59.1,62.9 ,59.5,65.1 ,8.4,7.8,17.1,9.8,10.8,21.7,7.5,2.3,13,9.4,3.1,16.1,0.7,0.2,0.9,3.5,43.7,0.1,6.9
Bhagalpur ,Bihar,966,1154,179,65.1,35.1,986,879 ,74.1,26.4 ,94.5,98,60.9,49.2,85.2,16.3,17.4 ,65.6,35.1,42.4 ,3.4 ,14.3 ,75.6,57.4,46.8,31.9,0,0,3.4,9.1,1.6,12.8,6.5,31.2,39.9 ,53.3 ,27.6 ,89.9 ,28.0 ,16.8 ,85.4 ,54.0 ,2975 ,1.9 ,60.5 ,77.2,52.1,6.3,77.5,11.5,33.6 ,5.9 ,66.8 ,81.0 ,96.0 ,73.4 ,91.1 ,91.8 ,51.9 ,15.6 ,89.2 ,46.2 ,84.7 ,8.3 ,10.9,73.7 ,23.6 ,76.2 ,1.1,69.5 ,33.4 ,52.6 ,*,5.4 ,(19.9),8.1 ,40.0 ,21.2 ,8.3 ,40.4 ,2.8 ,22.9,19.4,70.1,78.7 ,73.7,63.7 ,73,73.9 ,7.5,7.1,15.6,8.5,7.3,16.3,7,3.2,13.3,8.8,3.1,14.7,1.6,1.2,1.3,2.4,47.3,0.2,21.2
Banka ,Bihar,979,1098,147,59.3,36.1,1083,991 ,73.8,32.8 ,96.2,96.3,38.2,32.3,90.1,13.6,23.7 ,55.7,22.6,49.4 ,2.4 ,19.2 ,62.8,71.5,55.7,44.7,0.2,0.7,2.1,4.7,0.4,9.7,4.8,21.7,50.0 ,70.7 ,31.7 ,93.6 ,24.5 ,14.7 ,84.0 ,72.3 ,8076 ,0.0 ,74.7 ,79.8,68,3.8,80.4,7.5,38.8 ,4.3 ,88.1 ,89.5 ,98.1 ,90.2 ,92.9 ,95.0 ,42.3 ,2.2 ,93.8 ,42.8 ,99.1 ,0.9 ,6.9,(63.8),(41.4),(62.5),2.3,72.6 ,41.1 ,56.9 ,*,3.1 ,*,2.8 ,46.7 ,26.9 ,11.0 ,45.8 ,5.2 ,23.8,13.4,70.7,77.8 ,65.7,68.6 ,65.9,60.4 ,7.2,4.7,13,7.2,9.1,16.9,10.6,4.8,17.4,12.4,5.4,18.8,0.6,0,0,1.8,49.4,0.5,17.9
Munger ,Bihar,972,1100,157,69.5,31.3,1032,966 ,84.8,50.7 ,98.4,97.7,62.8,59.4,92.6,15.2,22.2 ,69.5,44.4,34.7 ,4.2 ,9.6 ,80.2,68.6,49,33.7,0.2,0.6,3.1,8.6,1.1,10.3,5.7,23.3,65.3 ,68.7 ,36.8 ,90.5 ,33.0 ,15.3 ,89.8 ,80.7 ,2461 ,(4.4),83.4 ,93.2,60,2.8,92.3,21.8,48.4 ,9.5 ,73.4 ,84.8 ,95.0 ,75.1 ,85.9 ,86.8 ,44.1 ,1.2 ,83.4 ,44.6 ,97.6 ,1.3 ,14.5,58.7 ,24.4 ,67.1 ,2.6,69.9 ,28.3 ,(60.3),(34.6),5.8 ,*,5.1 ,35.5 ,26.7 ,9.1 ,39.5 ,2.4 ,23.7,20.9,70.7,74.3 ,71.3,72.9 ,71.4,73.8 ,9.8,8.7,19.5,11.6,9.6,21.8,9.8,3.5,16.1,10.6,3.9,18.3,1.5,1.5,1.7,2.5,40.9,0.1,12.9
Lakhisarai ,Bihar,969,1222,147,61.2,37.8,1074,886 ,74.8,37.4 ,98,96.6,51.6,42.6,84.2,15.1,22.1 ,57.9,30,56.1 ,4.6 ,13.0 ,64.9,67,50.4,37,0.2,1.2,3.2,5.2,0.6,11.7,6.4,19.8,53.4 ,66.1 ,28.0 ,92.8 ,21.1 ,8.0 ,87.1 ,66.7 ,9523 ,7.1 ,74.1 ,75.8,58.4,5.4,76.2,9.3,44.2 ,2.8 ,68.9 ,76.8 ,92.9 ,73.7 ,82.4 ,83.9 ,23.7 ,0.0 ,82.4 ,41.8 ,97.7 ,2.3 ,9.7,44.3 ,30.0 ,61.4 ,1.3,79.3 ,36.0 ,51.2 ,(56.5),3.6 ,(3.4),3.6 ,42.7 ,25.6 ,10.4 ,45.1 ,1.4 ,25.3,16.2,67.4,77.2 ,72.9,67.8 ,72.6,75.1 ,7.3,4.8,12.8,8.8,7.7,17.8,6.6,3.4,12.3,9.3,2.1,13.8,0.2,0,0.1,2.4,45.4,0.8,20
Sheikhpura ,Bihar,958,1160,132,58.5,37.5,1074,888 ,82.9,47.8 ,97.3,98.4,54.2,40.3,90.3,9.7,9.5 ,55,28.3,46.1 ,5.7 ,10.2 ,68.1,78.8,50.3,37.2,0.2,0.6,1.5,4.8,2.3,3.2,1.5,26.2,58.6 ,68.8 ,28.4 ,95.8 ,24.1 ,6.7 ,87.7 ,77.1 ,1842 ,(0.0),78.7 ,89.2,69.7,3.7,91.8,14.6,43.5 ,8.8 ,82.8 ,86.6 ,99.2 ,85.6 ,90.0 ,88.7 ,31.4 ,1.2 ,87.2 ,42.8 ,99.4 ,0.6 ,9.1,(59.3),(52.8),(75.0),6.8,69.0 ,25.2 ,81.7 ,*,5.0 ,(7.5),5.5 ,53.6 ,16.3 ,7.7 ,37.6 ,5.6 ,24.1,13.3,67.7,80.1 ,69.7,(64.2),69.5,73.9 ,5.7,3.4,9.9,5.8,4.4,11.1,9.2,4.2,16.3,11.1,3.9,16.1,0.5,0.5,0.3,2.1,45,0.2,23.2
Nalanda ,Bihar,962,1151,146,59.6,37.2,1048,959 ,73.3,40.6 ,98.9,98.9,52.5,41,89.1,12.8,16.3 ,56.1,28.8,42.0 ,4.9 ,10.0 ,64.4,72.3,52.4,37.8,0.2,0.6,2.5,6,2.7,7.5,4.2,27.8,54.1 ,64.7 ,29.3 ,94.2 ,16.4 ,5.3 ,87.6 ,77.5 ,2628 ,4.0 ,73.0 ,80.3,53.9,6.4,85.1,17.1,45.1 ,9.6 ,75.2 ,83.8 ,95.7 ,82.2 ,86.6 ,83.4 ,22.4 ,0.0 ,84.9 ,44.1 ,100.0 ,0.0 ,12.4,72.6 ,51.7 ,74.4 ,5.3,84.3 ,22.4 ,67.2 ,(40.9),7.5 ,*,9.6 ,42.6 ,27.8 ,12.1 ,46.7 ,1.8 ,23.8,16,68.1,80.3 ,71.5,61.7 ,71,70.2 ,6.8,3.8,11.1,7.7,5.2,13.6,8.2,3.3,13.4,9.3,3.6,14,0.4,0,0,2.8,49.8,0.3,21.5
Patna ,Bihar,897,942,143,69.5,32.7,950,1002 ,73.6,39.9 ,99,98.8,61,64.6,92.9,10.2,18.2 ,67.6,43.6,26.6 ,8.0 ,10.1 ,74.3,49.3,42.3,31.4,0.1,1.9,2.9,4.9,0.5,15,4.6,18.6,46.4 ,51.7 ,17.9 ,83.0 ,20.7 ,15.7 ,88.8 ,59.0 ,2863 ,(0.0),63.1 ,89.1,51,3.3,81.4,22,47.0 ,7.9 ,56.6 ,(72.5),98.4 ,67.0 ,83.9 ,78.6 ,20.9 ,11.0 ,78.7 ,58.4 ,94.9 ,5.1 ,9.3,(43.8),(20.7),(67.8),0.7,68.8 ,34.1 ,(22.3),*,9.0 ,(6.0),8.3 ,34.5 ,27.5 ,10.6 ,39.6 ,1.4 ,22.6,21.5,66.9,65.4 ,67.3,(63.7),67.1,62.8 ,7.6,7.8,17.1,10,8.8,19.9,8.1,2.5,16.1,10,2.4,14.8,1.6,0.6,0.1,2.1,39.9,0.4,21
Bhojpur ,Bihar,974,1213,181,67.9,34.2,1003,872 ,70.7,44.6 ,97.9,99.7,45.9,42.9,92.2,9.6,16.2 ,64.1,34.6,31.2 ,4.2 ,5.3 ,60.8,63.9,47.9,37.7,0.6,2.2,2.2,4.1,0.7,11.8,5.1,17.5,45.0 ,42.7 ,33.5 ,93.8 ,15.5 ,6.2 ,93.3 ,56.1 ,2214 ,(0.0),62.4 ,86.9,61.8,2.3,87.5,12.6,37.4 ,5.2 ,61.9 ,80.6 ,98.4 ,64.1 ,80.6 ,85.7 ,24.1 ,3.6 ,80.9 ,40.3 ,97.8 ,0.8 ,11.8,49.2 ,45.3 ,61.7 ,1.4,81.9 ,25.5 ,(33.8),*,8.4 ,*,7.7 ,40.7 ,31.3 ,13.0 ,44.0 ,2.2 ,23.1,20.8,51.4,67.7 ,73.9,68.3 ,73.6,72.7 ,6.8,6.6,14,9.6,6.5,17,8.3,2.7,13.9,10.3,1.8,14.5,0.5,0.3,0.3,2.4,43.7,0.5,17.8
Buxar ,Bihar,975,1295,158,64.8,32.7,1005,886 ,77.1,40.5 ,98.5,99.8,52.4,44.7,93.5,11.4,18.3 ,68.1,33.3,30.8 ,5.8 ,7.2 ,56.6,60.5,44.6,35.1,0,1,2.4,3.8,1.4,9.1,3.4,31.4,67.3 ,61.5 ,27.4 ,93.4 ,21.1 ,9.8 ,92.2 ,66.9 ,1686 ,(2.2),68.3 ,89.5,50.9,2.8,90.6,7.7,19.1 ,0.7 ,75.0 ,81.7 ,97.3 ,75.0 ,90.5 ,90.5 ,35.7 ,6.3 ,89.6 ,50.4 ,90.4 ,6.4 ,10.4,49.2 ,26.8 ,87.2 ,3.7,81.6 ,36.9 ,(33.0),(45.9),8.4 ,(8.1),8.3 ,39.6 ,33.2 ,15.1 ,45.3 ,4.9 ,21.1,16.6,57.7,68.3 ,67,55.1 ,66.2,66.0 ,7.1,4.9,12.9,6.6,4.5,11.5,9.2,2.8,13.9,7.4,2,10.5,0.3,0.3,0,1.8,42.2,0.1,11.4
Kaimur (Bhabua) ,Bihar,973,1167,146,62.3,35.8,1018,944 ,77.9,41.3 ,96.7,98,59.1,29,93.7,18.1,6.1 ,66,29.5,27.1 ,6.5 ,2.6 ,58.9,78.6,59.7,44,0.1,0.4,3.5,7.3,1.7,3.7,1.7,45.1,62.6 ,62.4 ,25.6 ,93.5 ,11.2 ,3.6 ,97.2 ,81.6 ,1671 ,1.6 ,77.0 ,83.3,63.2,5.2,86,7.4,31.9 ,1.6 ,88.9 ,90.4 ,98.2 ,89.9 ,91.4 ,93.5 ,32.1 ,14.0 ,87.4 ,67.5 ,98.9 ,1.1 ,3.1,*,*,*,4.2,77.5 ,48.5 ,(45.1),*,13.1 ,*,13.4 ,44.1 ,27.3 ,15.9 ,47.2 ,2.5 ,25.6,11.8,62.6,71.4 ,70.6,(62.4),70.3,70.8 ,4.4,2,6.9,6.1,3.4,10.3,7.9,3.3,12.3,10.4,3.7,15,0,0,0,2.8,50.8,0.5,14.1
